idx,image_idx,file_name,johmat_project_root,johmat_file_name
0,1.1,/data/neuralabc/neuralabc_volunteers/macaque/testProject/results_cell_counts/_Image_01_-_20x_01_cellCount_29_downsample_10p002um_pix.tif,/data/neuralabc/johmat/phase_ml/source/macaque_tiffs_1/,Image_01_vsi_-_20x_01.ome.tif
1,1.2,/data/neuralabc/neuralabc_volunteers/macaque/testProject/results_cell_counts/_Image_01_-_20x_02_cellCount_29_downsample_10p002um_pix.tif,/data/neuralabc/johmat/phase_ml/source/macaque_tiffs_1/,zefir_0001__Image_01_-_20x_02.ome.tif
2,2.1,/data/neuralabc/neuralabc_volunteers/macaque/testProject/results_cell_counts/_Image_02_-_20x_01_cellCount_29_downsample_10p002um_pix.tif,/data/neuralabc/johmat/phase_ml/source/macaque_tiffs_1/,zefir_0002__Image_02_-_20x_01.ome.tif
3,2.2,/data/neuralabc/neuralabc_volunteers/macaque/testProject/results_cell_counts/_Image_02_-_20x_02_cellCount_29_downsample_10p002um_pix.tif,/data/neuralabc/johmat/phase_ml/source/macaque_tiffs_1/,zefir_0003__Image_02_-_20x_02.ome.tif
4,3.1,/data/neuralabc/neuralabc_volunteers/macaque/testProject/results_cell_counts/_Image_03_-_20x_01_cellCount_29_downsample_10p002um_pix.tif,/data/neuralabc/johmat/phase_ml/source/macaque_tiffs_1/,zefir_0004__Image_03_-_20x_01.ome.tif
5,3.2,/data/neuralabc/neuralabc_volunteers/macaque/testProject/results_cell_counts/_Image_03_-_20x_02_cellCount_29_downsample_10p002um_pix.tif,/data/neuralabc/johmat/phase_ml/source/macaque_tiffs_1/,zefir_0005__Image_03_-_20x_02.ome.tif
6,4.1,/data/neuralabc/neuralabc_volunteers/macaque/testProject/results_cell_counts/_Image_04_-_20x_01_cellCount_29_downsample_10p002um_pix.tif,/data/neuralabc/johmat/phase_ml/source/macaque_tiffs_1/,zefir_0006__Image_04_-_20x_01.ome.tif
7,4.2,/data/neuralabc/neuralabc_volunteers/macaque/testProject/results_cell_counts/_Image_04_-_20x_02_cellCount_29_downsample_10p002um_pix.tif,/data/neuralabc/johmat/phase_ml/source/macaque_tiffs_1/,zefir_0007__Image_04_-_20x_02.ome.tif
8,5.1,/data/neuralabc/neuralabc_volunteers/macaque/testProject/results_cell_counts/_Image_05_-_20x_01_cellCount_29_downsample_10p002um_pix.tif,/data/neuralabc/johmat/phase_ml/source/macaque_tiffs_1/,zefir_0008__Image_05_-_20x_01.ome.tif
9,5.2,/data/neuralabc/neuralabc_volunteers/macaque/testProject/results_cell_counts/_Image_05_-_20x_02_cellCount_29_downsample_10p002um_pix.tif,/data/neuralabc/johmat/phase_ml/source/macaque_tiffs_1/,zefir_0009__Image_05_-_20x_02.ome.tif
10,6.1,/data/neuralabc/neuralabc_volunteers/macaque/testProject/results_cell_counts/_Image_06_-_20x_01_cellCount_29_downsample_10p002um_pix.tif,/data/neuralabc/johmat/phase_ml/source/macaque_tiffs_1/,zefir_0010__Image_06_-_20x_01.ome.tif
11,6.2,/data/neuralabc/neuralabc_volunteers/macaque/testProject/results_cell_counts/_Image_06_-_20x_02_cellCount_29_downsample_10p002um_pix.tif,/data/neuralabc/johmat/phase_ml/source/macaque_tiffs_1/,zefir_0011__Image_06_-_20x_02.ome.tif
12,7.1,/data/neuralabc/neuralabc_volunteers/macaque/testProject/results_cell_counts/_Image_07_-_20x_01_cellCount_29_downsample_10p002um_pix.tif,/data/neuralabc/johmat/phase_ml/source/macaque_tiffs_1/,zefir_0012__Image_07_-_20x_01.ome.tif
13,7.2,/data/neuralabc/neuralabc_volunteers/macaque/testProject/results_cell_counts/_Image_07_-_20x_02_cellCount_29_downsample_10p002um_pix.tif,/data/neuralabc/johmat/phase_ml/source/macaque_tiffs_1/,Image_07_vsi_-_20x_02.ome.tif
14,8.1,/data/neuralabc/neuralabc_volunteers/macaque/testProject/results_cell_counts/_Image_08_-_20x_01_cellCount_29_downsample_10p002um_pix.tif,/data/neuralabc/johmat/phase_ml/source/macaque_tiffs_1/,zefir_0014__Image_08_-_20x_01.ome.tif
15,8.2,/data/neuralabc/neuralabc_volunteers/macaque/testProject/results_cell_counts/_Image_08_-_20x_02_cellCount_29_downsample_10p002um_pix.tif,/data/neuralabc/johmat/phase_ml/source/macaque_tiffs_1/,zefir_0015__Image_08_-_20x_02.ome.tif
16,9.1,/data/neuralabc/neuralabc_volunteers/macaque/testProject/results_cell_counts/_Image_09_-_20x_01_cellCount_29_downsample_10p002um_pix.tif,/data/neuralabc/johmat/phase_ml/source/macaque_tiffs_1/,zefir_0016__Image_09_-_20x_01.ome.tif
17,9.2,/data/neuralabc/neuralabc_volunteers/macaque/testProject/results_cell_counts/_Image_09_-_20x_02_cellCount_29_downsample_10p002um_pix.tif,/data/neuralabc/johmat/phase_ml/source/macaque_tiffs_1/,zefir_0017__Image_09_-_20x_02.ome.tif
18,10.1,/data/neuralabc/neuralabc_volunteers/macaque/testProject/results_cell_counts/_Image_10_-_20x_01_cellCount_29_downsample_10p002um_pix.tif,/data/neuralabc/johmat/phase_ml/source/macaque_tiffs_1/,zefir_0018__Image_10_-_20x_01.ome.tif
19,10.2,/data/neuralabc/neuralabc_volunteers/macaque/testProject/results_cell_counts/_Image_10_-_20x_02_cellCount_29_downsample_10p002um_pix.tif,/data/neuralabc/johmat/phase_ml/source/macaque_tiffs_1/,zefir_0019__Image_10_-_20x_02.ome.tif
20,11.1,/data/neuralabc/neuralabc_volunteers/macaque/testProject/results_cell_counts/_Image_11_-_20x_01_cellCount_29_downsample_10p002um_pix.tif,/data/neuralabc/johmat/phase_ml/source/macaque_tiffs_1/,Image_11_vsi_-_20x_01.ome.tif
21,11.2,/data/neuralabc/neuralabc_volunteers/macaque/testProject/results_cell_counts/_Image_11_-_20x_02_cellCount_29_downsample_10p002um_pix.tif,/data/neuralabc/johmat/phase_ml/source/macaque_tiffs_1/,zefir_0021__Image_11_-_20x_02.ome.tif
22,12.1,/data/neuralabc/neuralabc_volunteers/macaque/testProject/results_cell_counts/_Image_12_-_20x_01_cellCount_29_downsample_10p002um_pix.tif,/data/neuralabc/johmat/phase_ml/source/macaque_tiffs_1/,Image_12_vsi_-_20x_01.ome.tif
23,12.2,/data/neuralabc/neuralabc_volunteers/macaque/testProject/results_cell_counts/_Image_12_-_20x_02_cellCount_29_downsample_10p002um_pix.tif,/data/neuralabc/johmat/phase_ml/source/macaque_tiffs_1/,zefir_0023__Image_12_-_20x_02.ome.tif
24,13.1,/data/neuralabc/neuralabc_volunteers/macaque/testProject/results_cell_counts/_Image_13_-_20x_01_cellCount_29_downsample_10p002um_pix.tif,/data/neuralabc/johmat/phase_ml/source/macaque_tiffs_1/,zefir_0024__Image_13_-_20x_01.ome.tif
25,13.2,/data/neuralabc/neuralabc_volunteers/macaque/testProject/results_cell_counts/_Image_13_-_20x_02_cellCount_29_downsample_10p002um_pix.tif,/data/neuralabc/johmat/phase_ml/source/macaque_tiffs_1/,Image_13_vsi_-_20x_02.ome.tif
26,14.1,/data/neuralabc/neuralabc_volunteers/macaque/testProject/results_cell_counts/_Image_14_-_20x_01_cellCount_29_downsample_10p002um_pix.tif,/data/neuralabc/johmat/phase_ml/source/macaque_tiffs_1/,zefir_0026__Image_14_-_20x_01.ome.tif
27,14.2,/data/neuralabc/neuralabc_volunteers/macaque/testProject/results_cell_counts/_Image_14_-_20x_02_cellCount_29_downsample_10p002um_pix.tif,/data/neuralabc/johmat/phase_ml/source/macaque_tiffs_1/,zefir_0027__Image_14_-_20x_02.ome.tif
28,15.1,/data/neuralabc/neuralabc_volunteers/macaque/testProject/results_cell_counts/_Image_15_-_20x_cellCount_29_downsample_10p002um_pix.tif,/data/neuralabc/johmat/phase_ml/source/macaque_tiffs_1/,zefir_0028__Image_15_-_20x.ome.tif
29,16.1,/data/neuralabc/neuralabc_volunteers/macaque/testProject/results_cell_counts/_Image_16_-_20x_cellCount_29_downsample_10p002um_pix.tif,/data/neuralabc/johmat/phase_ml/source/macaque_tiffs_1/,zefir_0029__Image_16_-_20x.ome.tif
30,17.1,/data/neuralabc/neuralabc_volunteers/macaque/testProject/results_cell_counts/_Image_17_-_20x_cellCount_29_downsample_10p002um_pix.tif,/data/neuralabc/johmat/phase_ml/source/macaque_tiffs_1/,Image_17_vsi_-_20x.ome.tif
31,18.1,/data/neuralabc/neuralabc_volunteers/macaque/testProject/results_cell_counts/_Image_18_-_20x_cellCount_29_downsample_10p002um_pix.tif,/data/neuralabc/johmat/phase_ml/source/macaque_tiffs_1/,Image_18_vsi_-_20x.ome.tif
32,19.1,/data/neuralabc/neuralabc_volunteers/macaque/testProject/results_cell_counts/_Image_19_-_20x_cellCount_29_downsample_10p002um_pix.tif,/data/neuralabc/johmat/phase_ml/source/macaque_tiffs_1/,Image_19_vsi_-_20x.ome.tif
33,20.1,/data/neuralabc/neuralabc_volunteers/macaque/testProject/results_cell_counts/_Image_20_-_20x_cellCount_29_downsample_10p002um_pix.tif,/data/neuralabc/johmat/phase_ml/source/macaque_tiffs_1/,zefir_0033__Image_20_-_20x.ome.tif
34,21.1,/data/neuralabc/neuralabc_volunteers/macaque/testProject/results_cell_counts/_Image_21_-_20x_cellCount_29_downsample_10p002um_pix.tif,/data/neuralabc/johmat/phase_ml/source/macaque_tiffs_1/,Image_21_vsi_-_20x.ome.tif
35,22.1,/data/neuralabc/neuralabc_volunteers/macaque/testProject/results_cell_counts/_Image_22_-_20x_cellCount_29_downsample_10p002um_pix.tif,/data/neuralabc/johmat/phase_ml/source/macaque_tiffs_1/,Image_22_vsi_-_20x.ome.tif
36,23.1,/data/neuralabc/neuralabc_volunteers/macaque/testProject/results_cell_counts/_Image_23_-_20x_cellCount_29_downsample_10p002um_pix.tif,/data/neuralabc/johmat/phase_ml/source/macaque_tiffs_1/,zefir_0036__Image_23_-_20x.ome.tif
37,24.1,/data/neuralabc/neuralabc_volunteers/macaque/testProject/results_cell_counts/_Image_24_-_20x_cellCount_29_downsample_10p002um_pix.tif,/data/neuralabc/johmat/phase_ml/source/macaque_tiffs_1/,Image_24_vsi_-_20x.ome.tif
38,25.1,/data/neuralabc/neuralabc_volunteers/macaque/testProject/results_cell_counts/_Image_25_-_20x_cellCount_29_downsample_10p002um_pix.tif,/data/neuralabc/johmat/phase_ml/source/macaque_tiffs_1/,Image_25_vsi_-_20x.ome.tif
39,26.1,/data/neuralabc/neuralabc_volunteers/macaque/testProject/results_cell_counts/_Image_26_-_20x_cellCount_29_downsample_10p002um_pix.tif,/data/neuralabc/johmat/phase_ml/source/macaque_tiffs_1/,Image_26_vsi_-_20x.ome.tif
40,27.1,/data/neuralabc/neuralabc_volunteers/macaque/testProject/results_cell_counts/_Image_27_-_20x_cellCount_29_downsample_10p002um_pix.tif,/data/neuralabc/johmat/phase_ml/source/macaque_tiffs_1/,Image_27_vsi_-_20x.ome.tif
41,28.1,/data/neuralabc/neuralabc_volunteers/macaque/testProject/results_cell_counts/_Image_28_-_20x_cellCount_29_downsample_10p002um_pix.tif,/data/neuralabc/johmat/phase_ml/source/macaque_tiffs_1/,zefir_0041__Image_28_-_20x.ome.tif
42,29.1,/data/neuralabc/neuralabc_volunteers/macaque/testProject/results_cell_counts/_Image_29_-_20x_cellCount_29_downsample_10p002um_pix.tif,/data/neuralabc/johmat/phase_ml/source/macaque_tiffs_1/,Image_29_vsi_-_20x.ome.tif
43,30.1,/data/neuralabc/neuralabc_volunteers/macaque/testProject/results_cell_counts/_Image_30_-_20x_cellCount_29_downsample_10p002um_pix.tif,/data/neuralabc/johmat/phase_ml/source/macaque_tiffs_1/,zefir_0043__Image_30_-_20x.ome.tif
44,31.1,/data/neuralabc/neuralabc_volunteers/macaque/testProject/results_cell_counts/_Image_31_-_20x_cellCount_29_downsample_10p002um_pix.tif,/data/neuralabc/johmat/phase_ml/source/macaque_tiffs_1/,zefir_0044__Image_31_-_20x.ome.tif
45,32.1,/data/neuralabc/neuralabc_volunteers/macaque/testProject/results_cell_counts/_Image_32_-_20x_cellCount_29_downsample_10p002um_pix.tif,/data/neuralabc/johmat/phase_ml/source/macaque_tiffs_1/,Image_32_vsi_-_20x.ome.tif
46,33.1,/data/neuralabc/neuralabc_volunteers/macaque/testProject/results_cell_counts/_Image_33_-_20x_cellCount_29_downsample_10p002um_pix.tif,/data/neuralabc/johmat/phase_ml/source/macaque_tiffs_1/,Image_33_vsi_-_20x.ome.tif
47,34.1,/data/neuralabc/neuralabc_volunteers/macaque/testProject/results_cell_counts/_Image_34_-_20x_cellCount_29_downsample_10p002um_pix.tif,/data/neuralabc/johmat/phase_ml/source/macaque_tiffs_1/,Image_34_vsi_-_20x.ome.tif
48,35.1,/data/neuralabc/neuralabc_volunteers/macaque/testProject/results_cell_counts/_Image_35_-_20x_cellCount_29_downsample_10p002um_pix.tif,/data/neuralabc/johmat/phase_ml/source/macaque_tiffs_1/,zefir_0048__Image_35_-_20x.ome.tif
49,36.1,/data/neuralabc/neuralabc_volunteers/macaque/testProject/results_cell_counts/_Image_36_-_20x_cellCount_29_downsample_10p002um_pix.tif,/data/neuralabc/johmat/phase_ml/source/macaque_tiffs_1/,Image_36_vsi_-_20x.ome.tif
50,37.1,/data/neuralabc/neuralabc_volunteers/macaque/testProject/results_cell_counts/_Image_37_-_20x_cellCount_29_downsample_10p002um_pix.tif,/data/neuralabc/johmat/phase_ml/source/macaque_tiffs_1/,zefir_0050__Image_37_-_20x.ome.tif
51,38.1,/data/neuralabc/neuralabc_volunteers/macaque/testProject/results_cell_counts/_Image_38_-_20x_cellCount_29_downsample_10p002um_pix.tif,/data/neuralabc/johmat/phase_ml/source/macaque_tiffs_1/,Image_38_vsi_-_20x.ome.tif
52,39.1,/data/neuralabc/neuralabc_volunteers/macaque/testProject/results_cell_counts/_Image_39_-_20x_cellCount_29_downsample_10p002um_pix.tif,/data/neuralabc/johmat/phase_ml/source/macaque_tiffs_1/,Image_39_vsi_-_20x.ome.tif
53,40.1,/data/neuralabc/neuralabc_volunteers/macaque/testProject/results_cell_counts/_Image_40_-_20x_cellCount_29_downsample_10p002um_pix.tif,/data/neuralabc/johmat/phase_ml/source/macaque_tiffs_1/,zefir_0053__Image_40_-_20x.ome.tif
54,41.1,/data/neuralabc/neuralabc_volunteers/macaque/testProject/results_cell_counts/_Image_41_-_20x_cellCount_29_downsample_10p002um_pix.tif,/data/neuralabc/johmat/phase_ml/source/macaque_tiffs_1/,Image_41_vsi_-_20x.ome.tif
55,42.1,/data/neuralabc/neuralabc_volunteers/macaque/testProject/results_cell_counts/_Image_42_-_20x_cellCount_29_downsample_10p002um_pix.tif,/data/neuralabc/johmat/phase_ml/source/macaque_tiffs_1/,Image_42_vsi_-_20x.ome.tif
56,44.1,/data/neuralabc/neuralabc_volunteers/macaque/testProject/results_cell_counts/_Image_43_-_20x_cellCount_29_downsample_10p002um_pix.tif,/data/neuralabc/johmat/phase_ml/source/macaque_tiffs_1/,zefir_0056__Image_43_-_20x.ome.tif
57,45.1,/data/neuralabc/neuralabc_volunteers/macaque/testProject/results_cell_counts/_Image_44_-_20x_cellCount_29_downsample_10p002um_pix.tif,/data/neuralabc/johmat/phase_ml/source/macaque_tiffs_1/,zefir_0057__Image_44_-_20x.ome.tif
58,46.1,/data/neuralabc/neuralabc_volunteers/macaque/testProject/results_cell_counts/_Image_45_-_20x_cellCount_29_downsample_10p002um_pix.tif,/data/neuralabc/johmat/phase_ml/source/macaque_tiffs_1/,zefir_0058__Image_45_-_20x.ome.tif
59,47.1,/data/neuralabc/neuralabc_volunteers/macaque/testProject/results_cell_counts/_Image_46_-_20x_cellCount_29_downsample_10p002um_pix.tif,/data/neuralabc/johmat/phase_ml/source/macaque_tiffs_1/,Image_46_vsi_-_20x.ome.tif
61,96.1,/data/neuralabc/neuralabc_volunteers/macaque/testProject/results_cell_counts/slide_96_Image_01_-_20x_cellCount_29_downsample_10p002um_pix.tif,/data/neuralabc/johmat/phase_ml/source/macaque_tiffs_1/,zefir_0061__slide_96_Image_01_-_20x.ome.tif
62,80.1,/data/neuralabc/neuralabc_volunteers/macaque/testProject/results_cell_counts/slide_80_Image_01_-_20x_cellCount_29_downsample_10p002um_pix.tif,/data/neuralabc/johmat/phase_ml/source/macaque_tiffs_1/,zefir_0062__slide_80_Image_01_-_20x.ome.tif
63,43.1,/data/neuralabc/neuralabc_volunteers/macaque/testProject/results_cell_counts/slide_43_Image_01_-_20x_cellCount_29_downsample_10p002um_pix.tif,/data/neuralabc/johmat/phase_ml/source/macaque_tiffs_1/,zefir_0063__slide_43_Image_01_-_20x.ome.tif
64,100.1,/data/neuralabc/neuralabc_volunteers/macaque/testProject/results_cell_counts/_Image_97_-_20x_cellCount_29_downsample_10p002um_pix.tif,/data/neuralabc/johmat/phase_ml/source/macaque_tiffs_1/,zefir_0064__Image_97_-_20x.ome.tif
65,99.1,/data/neuralabc/neuralabc_volunteers/macaque/testProject/results_cell_counts/_Image_96_-_20x_cellCount_29_downsample_10p002um_pix.tif,/data/neuralabc/johmat/phase_ml/source/macaque_tiffs_1/,zefir_0065__Image_96_-_20x.ome.tif
66,98.1,/data/neuralabc/neuralabc_volunteers/macaque/testProject/results_cell_counts/_Image_95_-_20x_cellCount_29_downsample_10p002um_pix.tif,/data/neuralabc/johmat/phase_ml/source/macaque_tiffs_1/,zefir_0066__Image_95_-_20x.ome.tif
67,97.1,/data/neuralabc/neuralabc_volunteers/macaque/testProject/results_cell_counts/_Image_94_-_20x_cellCount_29_downsample_10p002um_pix.tif,/data/neuralabc/johmat/phase_ml/source/macaque_tiffs_1/,zefir_0067__Image_94_-_20x.ome.tif
68,95.1,/data/neuralabc/neuralabc_volunteers/macaque/testProject/results_cell_counts/_Image_93_-_20x_cellCount_29_downsample_10p002um_pix.tif,/data/neuralabc/johmat/phase_ml/source/macaque_tiffs_1/,zefir_0068__Image_93_-_20x.ome.tif
69,94.1,/data/neuralabc/neuralabc_volunteers/macaque/testProject/results_cell_counts/_Image_92_-_20x_cellCount_29_downsample_10p002um_pix.tif,/data/neuralabc/johmat/phase_ml/source/macaque_tiffs_1/,zefir_0069__Image_92_-_20x.ome.tif
70,93.1,/data/neuralabc/neuralabc_volunteers/macaque/testProject/results_cell_counts/_Image_91_-_20x_cellCount_29_downsample_10p002um_pix.tif,/data/neuralabc/johmat/phase_ml/source/macaque_tiffs_1/,zefir_0070__Image_91_-_20x.ome.tif
71,92.1,/data/neuralabc/neuralabc_volunteers/macaque/testProject/results_cell_counts/_Image_90_-_20x_cellCount_29_downsample_10p002um_pix.tif,/data/neuralabc/johmat/phase_ml/source/macaque_tiffs_1/,zefir_0071__Image_90_-_20x.ome.tif
72,91.1,/data/neuralabc/neuralabc_volunteers/macaque/testProject/results_cell_counts/_Image_89_-_20x_cellCount_29_downsample_10p002um_pix.tif,/data/neuralabc/johmat/phase_ml/source/macaque_tiffs_1/,zefir_0072__Image_89_-_20x.ome.tif
73,90.1,/data/neuralabc/neuralabc_volunteers/macaque/testProject/results_cell_counts/_Image_88_-_20x_cellCount_29_downsample_10p002um_pix.tif,/data/neuralabc/johmat/phase_ml/source/macaque_tiffs_1/,zefir_0073__Image_88_-_20x.ome.tif
74,89.1,/data/neuralabc/neuralabc_volunteers/macaque/testProject/results_cell_counts/_Image_87_-_20x_cellCount_29_downsample_10p002um_pix.tif,/data/neuralabc/johmat/phase_ml/source/macaque_tiffs_1/,zefir_0074__Image_87_-_20x.ome.tif
75,88.1,/data/neuralabc/neuralabc_volunteers/macaque/testProject/results_cell_counts/_Image_86_-_20x_cellCount_29_downsample_10p002um_pix.tif,/data/neuralabc/johmat/phase_ml/source/macaque_tiffs_1/,Image_86_vsi_-_20x.ome.tif
76,87.1,/data/neuralabc/neuralabc_volunteers/macaque/testProject/results_cell_counts/_Image_85_-_20x_cellCount_29_downsample_10p002um_pix.tif,/data/neuralabc/johmat/phase_ml/source/macaque_tiffs_1/,zefir_0076__Image_85_-_20x.ome.tif
77,86.1,/data/neuralabc/neuralabc_volunteers/macaque/testProject/results_cell_counts/_Image_84_-_20x_cellCount_29_downsample_10p002um_pix.tif,/data/neuralabc/johmat/phase_ml/source/macaque_tiffs_1/,zefir_0077__Image_84_-_20x.ome.tif
78,85.1,/data/neuralabc/neuralabc_volunteers/macaque/testProject/results_cell_counts/_Image_83_-_20x_cellCount_29_downsample_10p002um_pix.tif,/data/neuralabc/johmat/phase_ml/source/macaque_tiffs_1/,zefir_0078__Image_83_-_20x.ome.tif
79,84.1,/data/neuralabc/neuralabc_volunteers/macaque/testProject/results_cell_counts/_Image_82_-_20x_cellCount_29_downsample_10p002um_pix.tif,/data/neuralabc/johmat/phase_ml/source/macaque_tiffs_1/,zefir_0079__Image_82_-_20x.ome.tif
80,83.1,/data/neuralabc/neuralabc_volunteers/macaque/testProject/results_cell_counts/_Image_81_-_20x_cellCount_29_downsample_10p002um_pix.tif,/data/neuralabc/johmat/phase_ml/source/macaque_tiffs_1/,zefir_0080__Image_81_-_20x.ome.tif
81,82.1,/data/neuralabc/neuralabc_volunteers/macaque/testProject/results_cell_counts/_Image_80_-_20x_cellCount_29_downsample_10p002um_pix.tif,/data/neuralabc/johmat/phase_ml/source/macaque_tiffs_1/,zefir_0081__Image_80_-_20x.ome.tif
82,81.1,/data/neuralabc/neuralabc_volunteers/macaque/testProject/results_cell_counts/_Image_79_-_20x_cellCount_29_downsample_10p002um_pix.tif,/data/neuralabc/johmat/phase_ml/source/macaque_tiffs_1/,zefir_0082__Image_79_-_20x.ome.tif
83,79.1,/data/neuralabc/neuralabc_volunteers/macaque/testProject/results_cell_counts/_Image_78_-_20x_cellCount_29_downsample_10p002um_pix.tif,/data/neuralabc/johmat/phase_ml/source/macaque_tiffs_1/,zefir_0083__Image_78_-_20x.ome.tif
84,78.1,/data/neuralabc/neuralabc_volunteers/macaque/testProject/results_cell_counts/_Image_77_-_20x_cellCount_29_downsample_10p002um_pix.tif,/data/neuralabc/johmat/phase_ml/source/macaque_tiffs_1/,zefir_0084__Image_77_-_20x.ome.tif
85,77.1,/data/neuralabc/neuralabc_volunteers/macaque/testProject/results_cell_counts/_Image_76_-_20x_cellCount_29_downsample_10p002um_pix.tif,/data/neuralabc/johmat/phase_ml/source/macaque_tiffs_1/,zefir_0085__Image_76_-_20x.ome.tif
86,76.1,/data/neuralabc/neuralabc_volunteers/macaque/testProject/results_cell_counts/_Image_75_-_20x_cellCount_29_downsample_10p002um_pix.tif,/data/neuralabc/johmat/phase_ml/source/macaque_tiffs_1/,zefir_0086__Image_75_-_20x.ome.tif
87,75.1,/data/neuralabc/neuralabc_volunteers/macaque/testProject/results_cell_counts/_Image_74_-_20x_cellCount_29_downsample_10p002um_pix.tif,/data/neuralabc/johmat/phase_ml/source/macaque_tiffs_1/,Image_74_vsi_-_20x.ome.tif
88,74.1,/data/neuralabc/neuralabc_volunteers/macaque/testProject/results_cell_counts/_Image_73_-_20x_cellCount_29_downsample_10p002um_pix.tif,/data/neuralabc/johmat/phase_ml/source/macaque_tiffs_1/,zefir_0088__Image_73_-_20x.ome.tif
89,73.1,/data/neuralabc/neuralabc_volunteers/macaque/testProject/results_cell_counts/_Image_72_-_20x_cellCount_29_downsample_10p002um_pix.tif,/data/neuralabc/johmat/phase_ml/source/macaque_tiffs_1/,zefir_0089__Image_72_-_20x.ome.tif
90,72.1,/data/neuralabc/neuralabc_volunteers/macaque/testProject/results_cell_counts/_Image_71_-_20x_cellCount_29_downsample_10p002um_pix.tif,/data/neuralabc/johmat/phase_ml/source/macaque_tiffs_1/,zefir_0090__Image_71_-_20x.ome.tif
91,71.1,/data/neuralabc/neuralabc_volunteers/macaque/testProject/results_cell_counts/_Image_70_-_20x_cellCount_29_downsample_10p002um_pix.tif,/data/neuralabc/johmat/phase_ml/source/macaque_tiffs_1/,zefir_0091__Image_70_-_20x.ome.tif
92,70.1,/data/neuralabc/neuralabc_volunteers/macaque/testProject/results_cell_counts/_Image_69_-_20x_cellCount_29_downsample_10p002um_pix.tif,/data/neuralabc/johmat/phase_ml/source/macaque_tiffs_1/,zefir_0092__Image_69_-_20x.ome.tif
93,69.1,/data/neuralabc/neuralabc_volunteers/macaque/testProject/results_cell_counts/_Image_68_-_20x_cellCount_29_downsample_10p002um_pix.tif,/data/neuralabc/johmat/phase_ml/source/macaque_tiffs_1/,zefir_0093__Image_68_-_20x.ome.tif
94,68.1,/data/neuralabc/neuralabc_volunteers/macaque/testProject/results_cell_counts/_Image_67_-_20x_cellCount_29_downsample_10p002um_pix.tif,/data/neuralabc/johmat/phase_ml/source/macaque_tiffs_1/,zefir_0094__Image_67_-_20x.ome.tif
95,67.1,/data/neuralabc/neuralabc_volunteers/macaque/testProject/results_cell_counts/_Image_66_-_20x_cellCount_29_downsample_10p002um_pix.tif,/data/neuralabc/johmat/phase_ml/source/macaque_tiffs_1/,zefir_0095__Image_66_-_20x.ome.tif
96,66.1,/data/neuralabc/neuralabc_volunteers/macaque/testProject/results_cell_counts/_Image_65_-_20x_cellCount_29_downsample_10p002um_pix.tif,/data/neuralabc/johmat/phase_ml/source/macaque_tiffs_1/,Image_65_vsi_-_20x.ome.tif
97,65.1,/data/neuralabc/neuralabc_volunteers/macaque/testProject/results_cell_counts/_Image_64_-_20x_cellCount_29_downsample_10p002um_pix.tif,/data/neuralabc/johmat/phase_ml/source/macaque_tiffs_1/,zefir_0097__Image_64_-_20x.ome.tif
98,64.1,/data/neuralabc/neuralabc_volunteers/macaque/testProject/results_cell_counts/_Image_63_-_20x_cellCount_29_downsample_10p002um_pix.tif,/data/neuralabc/johmat/phase_ml/source/macaque_tiffs_1/,zefir_0098__Image_63_-_20x.ome.tif
99,63.1,/data/neuralabc/neuralabc_volunteers/macaque/testProject/results_cell_counts/_Image_62_-_20x_cellCount_29_downsample_10p002um_pix.tif,/data/neuralabc/johmat/phase_ml/source/macaque_tiffs_1/,Image_62_vsi_-_20x.ome.tif
100,62.1,/data/neuralabc/neuralabc_volunteers/macaque/testProject/results_cell_counts/_Image_61_-_20x_cellCount_29_downsample_10p002um_pix.tif,/data/neuralabc/johmat/phase_ml/source/macaque_tiffs_1/,zefir_0100__Image_61_-_20x.ome.tif
101,61.1,/data/neuralabc/neuralabc_volunteers/macaque/testProject/results_cell_counts/_Image_60_-_20x_cellCount_29_downsample_10p002um_pix.tif,/data/neuralabc/johmat/phase_ml/source/macaque_tiffs_1/,zefir_0101__Image_60_-_20x.ome.tif
102,60.1,/data/neuralabc/neuralabc_volunteers/macaque/testProject/results_cell_counts/_Image_59_-_20x_cellCount_29_downsample_10p002um_pix.tif,/data/neuralabc/johmat/phase_ml/source/macaque_tiffs_1/,Image_59_vsi_-_20x.ome.tif
103,59.1,/data/neuralabc/neuralabc_volunteers/macaque/testProject/results_cell_counts/_Image_58_-_20x_cellCount_29_downsample_10p002um_pix.tif,/data/neuralabc/johmat/phase_ml/source/macaque_tiffs_1/,zefir_0103__Image_58_-_20x.ome.tif
104,58.1,/data/neuralabc/neuralabc_volunteers/macaque/testProject/results_cell_counts/_Image_57_-_20x_cellCount_29_downsample_10p002um_pix.tif,/data/neuralabc/johmat/phase_ml/source/macaque_tiffs_1/,zefir_0104__Image_57_-_20x.ome.tif
105,57.1,/data/neuralabc/neuralabc_volunteers/macaque/testProject/results_cell_counts/_Image_56_-_20x_cellCount_29_downsample_10p002um_pix.tif,/data/neuralabc/johmat/phase_ml/source/macaque_tiffs_1/,Image_56_vsi_-_20x.ome.tif
106,56.1,/data/neuralabc/neuralabc_volunteers/macaque/testProject/results_cell_counts/_Image_55_-_20x_cellCount_29_downsample_10p002um_pix.tif,/data/neuralabc/johmat/phase_ml/source/macaque_tiffs_1/,zefir_0106__Image_55_-_20x.ome.tif
107,55.1,/data/neuralabc/neuralabc_volunteers/macaque/testProject/results_cell_counts/_Image_54_-_20x_cellCount_29_downsample_10p002um_pix.tif,/data/neuralabc/johmat/phase_ml/source/macaque_tiffs_1/,Image_54_vsi_-_20x.ome.tif
108,54.1,/data/neuralabc/neuralabc_volunteers/macaque/testProject/results_cell_counts/_Image_53_-_20x_cellCount_29_downsample_10p002um_pix.tif,/data/neuralabc/johmat/phase_ml/source/macaque_tiffs_1/,zefir_0108__Image_53_-_20x.ome.tif
109,53.1,/data/neuralabc/neuralabc_volunteers/macaque/testProject/results_cell_counts/_Image_52_-_20x_cellCount_29_downsample_10p002um_pix.tif,/data/neuralabc/johmat/phase_ml/source/macaque_tiffs_1/,Image_52_vsi_-_20x.ome.tif
110,52.1,/data/neuralabc/neuralabc_volunteers/macaque/testProject/results_cell_counts/_Image_51_-_20x_cellCount_29_downsample_10p002um_pix.tif,/data/neuralabc/johmat/phase_ml/source/macaque_tiffs_1/,zefir_0110__Image_51_-_20x.ome.tif
111,51.1,/data/neuralabc/neuralabc_volunteers/macaque/testProject/results_cell_counts/_Image_50_-_20x_cellCount_29_downsample_10p002um_pix.tif,/data/neuralabc/johmat/phase_ml/source/macaque_tiffs_1/,Image_50_vsi_-_20x.ome.tif
112,50.1,/data/neuralabc/neuralabc_volunteers/macaque/testProject/results_cell_counts/_Image_49_-_20x_cellCount_29_downsample_10p002um_pix.tif,/data/neuralabc/johmat/phase_ml/source/macaque_tiffs_1/,zefir_0112__Image_49_-_20x.ome.tif
113,49.1,/data/neuralabc/neuralabc_volunteers/macaque/testProject/results_cell_counts/_Image_48_-_20x_cellCount_29_downsample_10p002um_pix.tif,/data/neuralabc/johmat/phase_ml/source/macaque_tiffs_1/,Image_48_vsi_-_20x.ome.tif
114,101.1,/data/neuralabc/neuralabc_volunteers/macaque/testProject2/results_cell_counts/_Image_01_-_20x_cellCount_29_downsample_10p002um_pix.tif,/data/neuralabc/johmat/phase_ml/source/macaque_tiffs_2/,zefir_0114__Image_01_-_20x.ome.tif
115,102.1,/data/neuralabc/neuralabc_volunteers/macaque/testProject2/results_cell_counts/_Image_02_-_20x_cellCount_29_downsample_10p002um_pix.tif,/data/neuralabc/johmat/phase_ml/source/macaque_tiffs_2/,zefir_0115__Image_02_-_20x.ome.tif
116,103.1,/data/neuralabc/neuralabc_volunteers/macaque/testProject2/results_cell_counts/_Image_03_-_20x_cellCount_29_downsample_10p002um_pix.tif,/data/neuralabc/johmat/phase_ml/source/macaque_tiffs_2/,zefir_0116__Image_03_-_20x.ome.tif
117,104.1,/data/neuralabc/neuralabc_volunteers/macaque/testProject2/results_cell_counts/_Image_04_-_20x_cellCount_29_downsample_10p002um_pix.tif,/data/neuralabc/johmat/phase_ml/source/macaque_tiffs_2/,zefir_0117__Image_04_-_20x.ome.tif
118,105.1,/data/neuralabc/neuralabc_volunteers/macaque/testProject2/results_cell_counts/_Image_05_-_20x_cellCount_29_downsample_10p002um_pix.tif,/data/neuralabc/johmat/phase_ml/source/macaque_tiffs_2/,zefir_0118__Image_05_-_20x.ome.tif
119,106.1,/data/neuralabc/neuralabc_volunteers/macaque/testProject2/results_cell_counts/_Image_06_-_20x_cellCount_29_downsample_10p002um_pix.tif,/data/neuralabc/johmat/phase_ml/source/macaque_tiffs_2/,zefir_0119__Image_06_-_20x.ome.tif
120,107.1,/data/neuralabc/neuralabc_volunteers/macaque/testProject2/results_cell_counts/_Image_07_-_20x_cellCount_29_downsample_10p002um_pix.tif,/data/neuralabc/johmat/phase_ml/source/macaque_tiffs_2/,zefir_0120__Image_07_-_20x.ome.tif
121,108.1,/data/neuralabc/neuralabc_volunteers/macaque/testProject2/results_cell_counts/_Image_08_-_20x_cellCount_29_downsample_10p002um_pix.tif,/data/neuralabc/johmat/phase_ml/source/macaque_tiffs_2/,zefir_0121__Image_08_-_20x.ome.tif
122,109.1,/data/neuralabc/neuralabc_volunteers/macaque/testProject2/results_cell_counts/_Image_09_-_20x_cellCount_29_downsample_10p002um_pix.tif,/data/neuralabc/johmat/phase_ml/source/macaque_tiffs_2/,zefir_0122__Image_09_-_20x.ome.tif
123,110.1,/data/neuralabc/neuralabc_volunteers/macaque/testProject2/results_cell_counts/_Image_10_-_20x_cellCount_29_downsample_10p002um_pix.tif,/data/neuralabc/johmat/phase_ml/source/macaque_tiffs_2/,zefir_0123__Image_10_-_20x.ome.tif
124,111.1,/data/neuralabc/neuralabc_volunteers/macaque/testProject2/results_cell_counts/_Image_11_-_20x_cellCount_29_downsample_10p002um_pix.tif,/data/neuralabc/johmat/phase_ml/source/macaque_tiffs_2/,zefir_0124__Image_11_-_20x.ome.tif
125,112.1,/data/neuralabc/neuralabc_volunteers/macaque/testProject2/results_cell_counts/_Image_12_-_20x_cellCount_29_downsample_10p002um_pix.tif,/data/neuralabc/johmat/phase_ml/source/macaque_tiffs_2/,zefir_0125__Image_12_-_20x.ome.tif
126,113.1,/data/neuralabc/neuralabc_volunteers/macaque/testProject2/results_cell_counts/_Image_13_-_20x_cellCount_29_downsample_10p002um_pix.tif,/data/neuralabc/johmat/phase_ml/source/macaque_tiffs_2/,zefir_0126__Image_13_-_20x.ome.tif
127,114.1,/data/neuralabc/neuralabc_volunteers/macaque/testProject2/results_cell_counts/_Image_14_-_20x_cellCount_29_downsample_10p002um_pix.tif,/data/neuralabc/johmat/phase_ml/source/macaque_tiffs_2/,zefir_0127__Image_14_-_20x.ome.tif
128,115.1,/data/neuralabc/neuralabc_volunteers/macaque/testProject2/results_cell_counts/_Image_15_-_20x_cellCount_29_downsample_10p002um_pix.tif,/data/neuralabc/johmat/phase_ml/source/macaque_tiffs_2/,zefir_0128__Image_15_-_20x.ome.tif
129,116.1,/data/neuralabc/neuralabc_volunteers/macaque/testProject2/results_cell_counts/_Image_16_-_20x_cellCount_29_downsample_10p002um_pix.tif,/data/neuralabc/johmat/phase_ml/source/macaque_tiffs_2/,zefir_0129__Image_16_-_20x.ome.tif
130,117.1,/data/neuralabc/neuralabc_volunteers/macaque/testProject2/results_cell_counts/_Image_17_-_20x_cellCount_29_downsample_10p002um_pix.tif,/data/neuralabc/johmat/phase_ml/source/macaque_tiffs_2/,zefir_0130__Image_17_-_20x.ome.tif
131,118.1,/data/neuralabc/neuralabc_volunteers/macaque/testProject2/results_cell_counts/_Image_18_-_20x_cellCount_29_downsample_10p002um_pix.tif,/data/neuralabc/johmat/phase_ml/source/macaque_tiffs_2/,zefir_0131__Image_18_-_20x.ome.tif
132,119.1,/data/neuralabc/neuralabc_volunteers/macaque/testProject2/results_cell_counts/_Image_19_-_20x_cellCount_29_downsample_10p002um_pix.tif,/data/neuralabc/johmat/phase_ml/source/macaque_tiffs_2/,zefir_0132__Image_19_-_20x.ome.tif
133,120.1,/data/neuralabc/neuralabc_volunteers/macaque/testProject2/results_cell_counts/_Image_20_-_20x_cellCount_29_downsample_10p002um_pix.tif,/data/neuralabc/johmat/phase_ml/source/macaque_tiffs_2/,zefir_0133__Image_20_-_20x.ome.tif
134,121.1,/data/neuralabc/neuralabc_volunteers/macaque/testProject2/results_cell_counts/_Image_21_-_20x_cellCount_29_downsample_10p002um_pix.tif,/data/neuralabc/johmat/phase_ml/source/macaque_tiffs_2/,zefir_0134__Image_21_-_20x.ome.tif
135,122.1,/data/neuralabc/neuralabc_volunteers/macaque/testProject2/results_cell_counts/_Image_22_-_20x_cellCount_29_downsample_10p002um_pix.tif,/data/neuralabc/johmat/phase_ml/source/macaque_tiffs_2/,zefir_0135__Image_22_-_20x.ome.tif
136,123.1,/data/neuralabc/neuralabc_volunteers/macaque/testProject2/results_cell_counts/_Image_23_-_20x_cellCount_29_downsample_10p002um_pix.tif,/data/neuralabc/johmat/phase_ml/source/macaque_tiffs_2/,zefir_0136__Image_23_-_20x.ome.tif
137,124.1,/data/neuralabc/neuralabc_volunteers/macaque/testProject2/results_cell_counts/_Image_24_-_20x_cellCount_29_downsample_10p002um_pix.tif,/data/neuralabc/johmat/phase_ml/source/macaque_tiffs_2/,zefir_0137__Image_24_-_20x.ome.tif
138,125.1,/data/neuralabc/neuralabc_volunteers/macaque/testProject2/results_cell_counts/_Image_25_-_20x_cellCount_29_downsample_10p002um_pix.tif,/data/neuralabc/johmat/phase_ml/source/macaque_tiffs_2/,zefir_0138__Image_25_-_20x.ome.tif
139,126.1,/data/neuralabc/neuralabc_volunteers/macaque/testProject2/results_cell_counts/_Image_26_-_20x_cellCount_29_downsample_10p002um_pix.tif,/data/neuralabc/johmat/phase_ml/source/macaque_tiffs_2/,zefir_0139__Image_26_-_20x.ome.tif
140,127.1,/data/neuralabc/neuralabc_volunteers/macaque/testProject2/results_cell_counts/_Image_27_-_20x_cellCount_29_downsample_10p002um_pix.tif,/data/neuralabc/johmat/phase_ml/source/macaque_tiffs_2/,zefir_0140__Image_27_-_20x.ome.tif
141,128.1,/data/neuralabc/neuralabc_volunteers/macaque/testProject2/results_cell_counts/_Image_28_-_20x_cellCount_29_downsample_10p002um_pix.tif,/data/neuralabc/johmat/phase_ml/source/macaque_tiffs_2/,zefir_0141__Image_28_-_20x.ome.tif
142,129.1,/data/neuralabc/neuralabc_volunteers/macaque/testProject2/results_cell_counts/_Image_29_-_20x_cellCount_29_downsample_10p002um_pix.tif,/data/neuralabc/johmat/phase_ml/source/macaque_tiffs_2/,zefir_0142__Image_29_-_20x.ome.tif
143,130.1,/data/neuralabc/neuralabc_volunteers/macaque/testProject2/results_cell_counts/_Image_30_-_20x_cellCount_29_downsample_10p002um_pix.tif,/data/neuralabc/johmat/phase_ml/source/macaque_tiffs_2/,zefir_0143__Image_30_-_20x.ome.tif
144,131.1,/data/neuralabc/neuralabc_volunteers/macaque/testProject2/results_cell_counts/_Image_31_-_20x_cellCount_29_downsample_10p002um_pix.tif,/data/neuralabc/johmat/phase_ml/source/macaque_tiffs_2/,zefir_0144__Image_31_-_20x.ome.tif
145,132.1,/data/neuralabc/neuralabc_volunteers/macaque/testProject2/results_cell_counts/_Image_32_-_20x_cellCount_29_downsample_10p002um_pix.tif,/data/neuralabc/johmat/phase_ml/source/macaque_tiffs_2/,zefir_0145__Image_32_-_20x.ome.tif
146,133.1,/data/neuralabc/neuralabc_volunteers/macaque/testProject2/results_cell_counts/_Image_33_-_20x_cellCount_29_downsample_10p002um_pix.tif,/data/neuralabc/johmat/phase_ml/source/macaque_tiffs_2/,zefir_0146__Image_33_-_20x.ome.tif
147,134.1,/data/neuralabc/neuralabc_volunteers/macaque/testProject2/results_cell_counts/_Image_34_-_20x_cellCount_29_downsample_10p002um_pix.tif,/data/neuralabc/johmat/phase_ml/source/macaque_tiffs_2/,zefir_0147__Image_34_-_20x.ome.tif
148,135.1,/data/neuralabc/neuralabc_volunteers/macaque/testProject2/results_cell_counts/_Image_35_-_20x_cellCount_29_downsample_10p002um_pix.tif,/data/neuralabc/johmat/phase_ml/source/macaque_tiffs_2/,zefir_0148__Image_35_-_20x.ome.tif
149,136.1,/data/neuralabc/neuralabc_volunteers/macaque/testProject2/results_cell_counts/_Image_36_-_20x_cellCount_29_downsample_10p002um_pix.tif,/data/neuralabc/johmat/phase_ml/source/macaque_tiffs_2/,zefir_0149__Image_36_-_20x.ome.tif
150,137.1,/data/neuralabc/neuralabc_volunteers/macaque/testProject2/results_cell_counts/_Image_37_-_20x_cellCount_29_downsample_10p002um_pix.tif,/data/neuralabc/johmat/phase_ml/source/macaque_tiffs_2/,zefir_0150__Image_37_-_20x.ome.tif
151,138.1,/data/neuralabc/neuralabc_volunteers/macaque/testProject2/results_cell_counts/_Image_38_-_20x_cellCount_29_downsample_10p002um_pix.tif,/data/neuralabc/johmat/phase_ml/source/macaque_tiffs_2/,zefir_0151__Image_38_-_20x.ome.tif
152,139.1,/data/neuralabc/neuralabc_volunteers/macaque/testProject2/results_cell_counts/_Image_39_-_20x_cellCount_29_downsample_10p002um_pix.tif,/data/neuralabc/johmat/phase_ml/source/macaque_tiffs_2/,zefir_0152__Image_39_-_20x.ome.tif
153,140.1,/data/neuralabc/neuralabc_volunteers/macaque/testProject2/results_cell_counts/_Image_40_-_20x_cellCount_29_downsample_10p002um_pix.tif,/data/neuralabc/johmat/phase_ml/source/macaque_tiffs_2/,zefir_0153__Image_40_-_20x.ome.tif
154,141.1,/data/neuralabc/neuralabc_volunteers/macaque/testProject2/results_cell_counts/_Image_41_-_20x_cellCount_29_downsample_10p002um_pix.tif,/data/neuralabc/johmat/phase_ml/source/macaque_tiffs_2/,zefir_0154__Image_41_-_20x.ome.tif
155,142.1,/data/neuralabc/neuralabc_volunteers/macaque/testProject2/results_cell_counts/_Image_42_-_20x_cellCount_29_downsample_10p002um_pix.tif,/data/neuralabc/johmat/phase_ml/source/macaque_tiffs_2/,zefir_0155__Image_42_-_20x.ome.tif
156,143.1,/data/neuralabc/neuralabc_volunteers/macaque/testProject2/results_cell_counts/_Image_43_-_20x_cellCount_29_downsample_10p002um_pix.tif,/data/neuralabc/johmat/phase_ml/source/macaque_tiffs_2/,zefir_0156__Image_43_-_20x.ome.tif
157,144.1,/data/neuralabc/neuralabc_volunteers/macaque/testProject2/results_cell_counts/_Image_44_-_20x_cellCount_29_downsample_10p002um_pix.tif,/data/neuralabc/johmat/phase_ml/source/macaque_tiffs_2/,zefir_0157__Image_44_-_20x.ome.tif
158,145.1,/data/neuralabc/neuralabc_volunteers/macaque/testProject2/results_cell_counts/_Image_45_-_20x_cellCount_29_downsample_10p002um_pix.tif,/data/neuralabc/johmat/phase_ml/source/macaque_tiffs_2/,zefir_0158__Image_45_-_20x.ome.tif
159,146.1,/data/neuralabc/neuralabc_volunteers/macaque/testProject2/results_cell_counts/_Image_46_-_20x_cellCount_29_downsample_10p002um_pix.tif,/data/neuralabc/johmat/phase_ml/source/macaque_tiffs_2/,zefir_0159__Image_46_-_20x.ome.tif
160,147.1,/data/neuralabc/neuralabc_volunteers/macaque/testProject2/results_cell_counts/_Image_47_-_20x_cellCount_29_downsample_10p002um_pix.tif,/data/neuralabc/johmat/phase_ml/source/macaque_tiffs_2/,zefir_0160__Image_47_-_20x.ome.tif
161,148.1,/data/neuralabc/neuralabc_volunteers/macaque/testProject2/results_cell_counts/_Image_48_-_20x_cellCount_29_downsample_10p002um_pix.tif,/data/neuralabc/johmat/phase_ml/source/macaque_tiffs_2/,zefir_0161__Image_48_-_20x.ome.tif
162,149.1,/data/neuralabc/neuralabc_volunteers/macaque/testProject2/results_cell_counts/_Image_49_-_20x_cellCount_29_downsample_10p002um_pix.tif,/data/neuralabc/johmat/phase_ml/source/macaque_tiffs_2/,zefir_0162__Image_49_-_20x.ome.tif
163,150.1,/data/neuralabc/neuralabc_volunteers/macaque/testProject2/results_cell_counts/_Image_50_-_20x_cellCount_29_downsample_10p002um_pix.tif,/data/neuralabc/johmat/phase_ml/source/macaque_tiffs_2/,zefir_0163__Image_50_-_20x.ome.tif
164,151.1,/data/neuralabc/neuralabc_volunteers/macaque/testProject2/results_cell_counts/_Image_51_-_20x_cellCount_29_downsample_10p002um_pix.tif,/data/neuralabc/johmat/phase_ml/source/macaque_tiffs_2/,zefir_0164__Image_51_-_20x.ome.tif
165,152.1,/data/neuralabc/neuralabc_volunteers/macaque/testProject2/results_cell_counts/_Image_52_-_20x_cellCount_29_downsample_10p002um_pix.tif,/data/neuralabc/johmat/phase_ml/source/macaque_tiffs_2/,zefir_0165__Image_52_-_20x.ome.tif
166,153.1,/data/neuralabc/neuralabc_volunteers/macaque/testProject2/results_cell_counts/_Image_53_-_20x_cellCount_29_downsample_10p002um_pix.tif,/data/neuralabc/johmat/phase_ml/source/macaque_tiffs_2/,zefir_0166__Image_53_-_20x.ome.tif
167,154.1,/data/neuralabc/neuralabc_volunteers/macaque/testProject2/results_cell_counts/_Image_54_-_20x_cellCount_29_downsample_10p002um_pix.tif,/data/neuralabc/johmat/phase_ml/source/macaque_tiffs_2/,zefir_0167__Image_54_-_20x.ome.tif
168,155.1,/data/neuralabc/neuralabc_volunteers/macaque/testProject2/results_cell_counts/_Image_55_-_20x_cellCount_29_downsample_10p002um_pix.tif,/data/neuralabc/johmat/phase_ml/source/macaque_tiffs_2/,zefir_0168__Image_55_-_20x.ome.tif
169,156.1,/data/neuralabc/neuralabc_volunteers/macaque/testProject2/results_cell_counts/_Image_56_-_20x_cellCount_29_downsample_10p002um_pix.tif,/data/neuralabc/johmat/phase_ml/source/macaque_tiffs_2/,zefir_0169__Image_56_-_20x.ome.tif
170,157.1,/data/neuralabc/neuralabc_volunteers/macaque/testProject2/results_cell_counts/_Image_57_-_20x_cellCount_29_downsample_10p002um_pix.tif,/data/neuralabc/johmat/phase_ml/source/macaque_tiffs_2/,zefir_0170__Image_57_-_20x.ome.tif
171,158.1,/data/neuralabc/neuralabc_volunteers/macaque/testProject2/results_cell_counts/_Image_58_-_20x_cellCount_29_downsample_10p002um_pix.tif,/data/neuralabc/johmat/phase_ml/source/macaque_tiffs_2/,zefir_0171__Image_58_-_20x.ome.tif
172,159.1,/data/neuralabc/neuralabc_volunteers/macaque/testProject2/results_cell_counts/_Image_59_-_20x_cellCount_29_downsample_10p002um_pix.tif,/data/neuralabc/johmat/phase_ml/source/macaque_tiffs_2/,zefir_0172__Image_59_-_20x.ome.tif
173,160.1,/data/neuralabc/neuralabc_volunteers/macaque/testProject2/results_cell_counts/_Image_60_-_20x_cellCount_29_downsample_10p002um_pix.tif,/data/neuralabc/johmat/phase_ml/source/macaque_tiffs_2/,zefir_0173__Image_60_-_20x.ome.tif
174,161.1,/data/neuralabc/neuralabc_volunteers/macaque/testProject2/results_cell_counts/_Image_61_-_20x_01_cellCount_29_downsample_10p002um_pix.tif,/data/neuralabc/johmat/phase_ml/source/macaque_tiffs_2/,zefir_0174__Image_61_-_20x_01.ome.tif
175,161.2,/data/neuralabc/neuralabc_volunteers/macaque/testProject2/results_cell_counts/_Image_61_-_20x_02_cellCount_29_downsample_10p002um_pix.tif,/data/neuralabc/johmat/phase_ml/source/macaque_tiffs_2/,zefir_0175__Image_61_-_20x_02.ome.tif
176,162.1,/data/neuralabc/neuralabc_volunteers/macaque/testProject2/results_cell_counts/_Image_62_-_20x_01_cellCount_29_downsample_10p002um_pix.tif,/data/neuralabc/johmat/phase_ml/source/macaque_tiffs_2/,zefir_0176__Image_62_-_20x_01.ome.tif
177,162.2,/data/neuralabc/neuralabc_volunteers/macaque/testProject2/results_cell_counts/_Image_62_-_20x_02_cellCount_29_downsample_10p002um_pix.tif,/data/neuralabc/johmat/phase_ml/source/macaque_tiffs_2/,zefir_0177__Image_62_-_20x_02.ome.tif
178,163.1,/data/neuralabc/neuralabc_volunteers/macaque/testProject2/results_cell_counts/_Image_63_-_20x_01_cellCount_29_downsample_10p002um_pix.tif,/data/neuralabc/johmat/phase_ml/source/macaque_tiffs_2/,zefir_0178__Image_63_-_20x_01.ome.tif
179,163.2,/data/neuralabc/neuralabc_volunteers/macaque/testProject2/results_cell_counts/_Image_63_-_20x_02_cellCount_29_downsample_10p002um_pix.tif,/data/neuralabc/johmat/phase_ml/source/macaque_tiffs_2/,zefir_0179__Image_63_-_20x_02.ome.tif
180,164.1,/data/neuralabc/neuralabc_volunteers/macaque/testProject2/results_cell_counts/_Image_64_-_20x_01_cellCount_29_downsample_10p002um_pix.tif,/data/neuralabc/johmat/phase_ml/source/macaque_tiffs_2/,zefir_0180__Image_64_-_20x_01.ome.tif
181,164.2,/data/neuralabc/neuralabc_volunteers/macaque/testProject2/results_cell_counts/_Image_64_-_20x_02_cellCount_29_downsample_10p002um_pix.tif,/data/neuralabc/johmat/phase_ml/source/macaque_tiffs_2/,zefir_0181__Image_64_-_20x_02.ome.tif
182,165.1,/data/neuralabc/neuralabc_volunteers/macaque/testProject2/results_cell_counts/_Image_65_-_20x_01_cellCount_29_downsample_10p002um_pix.tif,/data/neuralabc/johmat/phase_ml/source/macaque_tiffs_2/,zefir_0182__Image_65_-_20x_01.ome.tif
183,165.2,/data/neuralabc/neuralabc_volunteers/macaque/testProject2/results_cell_counts/_Image_65_-_20x_02_cellCount_29_downsample_10p002um_pix.tif,/data/neuralabc/johmat/phase_ml/source/macaque_tiffs_2/,zefir_0183__Image_65_-_20x_02.ome.tif
184,166.1,/data/neuralabc/neuralabc_volunteers/macaque/testProject2/results_cell_counts/_Image_66_-_20x_01_cellCount_29_downsample_10p002um_pix.tif,/data/neuralabc/johmat/phase_ml/source/macaque_tiffs_2/,zefir_0184__Image_66_-_20x_01.ome.tif
185,166.2,/data/neuralabc/neuralabc_volunteers/macaque/testProject2/results_cell_counts/_Image_66_-_20x_02_cellCount_29_downsample_10p002um_pix.tif,/data/neuralabc/johmat/phase_ml/source/macaque_tiffs_2/,zefir_0185__Image_66_-_20x_02.ome.tif
186,167.1,/data/neuralabc/neuralabc_volunteers/macaque/testProject2/results_cell_counts/_Image_67_-_20x_01_cellCount_29_downsample_10p002um_pix.tif,/data/neuralabc/johmat/phase_ml/source/macaque_tiffs_2/,zefir_0186__Image_67_-_20x_01.ome.tif
187,167.2,/data/neuralabc/neuralabc_volunteers/macaque/testProject2/results_cell_counts/_Image_67_-_20x_02_cellCount_29_downsample_10p002um_pix.tif,/data/neuralabc/johmat/phase_ml/source/macaque_tiffs_2/,zefir_0187__Image_67_-_20x_02.ome.tif
188,168.1,/data/neuralabc/neuralabc_volunteers/macaque/testProject2/results_cell_counts/_Image_68_-_20x_01_cellCount_29_downsample_10p002um_pix.tif,/data/neuralabc/johmat/phase_ml/source/macaque_tiffs_2/,zefir_0188__Image_68_-_20x_01.ome.tif
189,168.2,/data/neuralabc/neuralabc_volunteers/macaque/testProject2/results_cell_counts/_Image_68_-_20x_02_cellCount_29_downsample_10p002um_pix.tif,/data/neuralabc/johmat/phase_ml/source/macaque_tiffs_2/,zefir_0189__Image_68_-_20x_02.ome.tif
190,169.1,/data/neuralabc/neuralabc_volunteers/macaque/testProject2/results_cell_counts/_Image_69_-_20x_01_cellCount_29_downsample_10p002um_pix.tif,/data/neuralabc/johmat/phase_ml/source/macaque_tiffs_2/,zefir_0190__Image_69_-_20x_01.ome.tif
191,169.2,/data/neuralabc/neuralabc_volunteers/macaque/testProject2/results_cell_counts/_Image_69_-_20x_02_cellCount_29_downsample_10p002um_pix.tif,/data/neuralabc/johmat/phase_ml/source/macaque_tiffs_2/,zefir_0191__Image_69_-_20x_02.ome.tif
192,170.1,/data/neuralabc/neuralabc_volunteers/macaque/testProject2/results_cell_counts/_Image_70_-_20x_01_cellCount_29_downsample_10p002um_pix.tif,/data/neuralabc/johmat/phase_ml/source/macaque_tiffs_2/,zefir_0192__Image_70_-_20x_01.ome.tif
193,170.2,/data/neuralabc/neuralabc_volunteers/macaque/testProject2/results_cell_counts/_Image_70_-_20x_02_cellCount_29_downsample_10p002um_pix.tif,/data/neuralabc/johmat/phase_ml/source/macaque_tiffs_2/,zefir_0193__Image_70_-_20x_02.ome.tif
194,171.1,/data/neuralabc/neuralabc_volunteers/macaque/testProject2/results_cell_counts/_Image_71_-_20x_01_cellCount_29_downsample_10p002um_pix.tif,/data/neuralabc/johmat/phase_ml/source/macaque_tiffs_2/,zefir_0194__Image_71_-_20x_01.ome.tif
195,171.2,/data/neuralabc/neuralabc_volunteers/macaque/testProject2/results_cell_counts/_Image_71_-_20x_02_cellCount_29_downsample_10p002um_pix.tif,/data/neuralabc/johmat/phase_ml/source/macaque_tiffs_2/,zefir_0195__Image_71_-_20x_02.ome.tif
196,172.1,/data/neuralabc/neuralabc_volunteers/macaque/testProject2/results_cell_counts/_Image_72_-_20x_01_cellCount_29_downsample_10p002um_pix.tif,/data/neuralabc/johmat/phase_ml/source/macaque_tiffs_2/,zefir_0196__Image_72_-_20x_01.ome.tif
197,172.2,/data/neuralabc/neuralabc_volunteers/macaque/testProject2/results_cell_counts/_Image_72_-_20x_02_cellCount_29_downsample_10p002um_pix.tif,/data/neuralabc/johmat/phase_ml/source/macaque_tiffs_2/,zefir_0197__Image_72_-_20x_02.ome.tif
198,173.1,/data/neuralabc/neuralabc_volunteers/macaque/testProject2/results_cell_counts/_Image_73_-_20x_01_cellCount_29_downsample_10p002um_pix.tif,/data/neuralabc/johmat/phase_ml/source/macaque_tiffs_2/,zefir_0198__Image_73_-_20x_01.ome.tif
199,173.2,/data/neuralabc/neuralabc_volunteers/macaque/testProject2/results_cell_counts/_Image_73_-_20x_02_cellCount_29_downsample_10p002um_pix.tif,/data/neuralabc/johmat/phase_ml/source/macaque_tiffs_2/,zefir_0199__Image_73_-_20x_02.ome.tif
200,174.1,/data/neuralabc/neuralabc_volunteers/macaque/testProject2/results_cell_counts/_Image_74_-_20x_01_cellCount_29_downsample_10p002um_pix.tif,/data/neuralabc/johmat/phase_ml/source/macaque_tiffs_2/,zefir_0200__Image_74_-_20x_01.ome.tif
201,174.2,/data/neuralabc/neuralabc_volunteers/macaque/testProject2/results_cell_counts/_Image_74_-_20x_02_cellCount_29_downsample_10p002um_pix.tif,/data/neuralabc/johmat/phase_ml/source/macaque_tiffs_2/,zefir_0201__Image_74_-_20x_02.ome.tif
202,175.1,/data/neuralabc/neuralabc_volunteers/macaque/testProject2/results_cell_counts/_Image_75_-_20x_01_cellCount_29_downsample_10p002um_pix.tif,/data/neuralabc/johmat/phase_ml/source/macaque_tiffs_2/,zefir_0202__Image_75_-_20x_01.ome.tif
203,175.2,/data/neuralabc/neuralabc_volunteers/macaque/testProject2/results_cell_counts/_Image_75_-_20x_02_cellCount_29_downsample_10p002um_pix.tif,/data/neuralabc/johmat/phase_ml/source/macaque_tiffs_2/,zefir_0203__Image_75_-_20x_02.ome.tif
204,177.1,/data/neuralabc/neuralabc_volunteers/macaque/testProject2/results_cell_counts/_Image_76_-_20x_01_cellCount_29_downsample_10p002um_pix.tif,/data/neuralabc/johmat/phase_ml/source/macaque_tiffs_2/,zefir_0204__Image_76_-_20x_01.ome.tif
205,177.2,/data/neuralabc/neuralabc_volunteers/macaque/testProject2/results_cell_counts/_Image_76_-_20x_02_cellCount_29_downsample_10p002um_pix.tif,/data/neuralabc/johmat/phase_ml/source/macaque_tiffs_2/,zefir_0205__Image_76_-_20x_02.ome.tif
206,178.1,/data/neuralabc/neuralabc_volunteers/macaque/testProject2/results_cell_counts/_Image_77_-_20x_01_cellCount_29_downsample_10p002um_pix.tif,/data/neuralabc/johmat/phase_ml/source/macaque_tiffs_2/,zefir_0206__Image_77_-_20x_01.ome.tif
207,178.2,/data/neuralabc/neuralabc_volunteers/macaque/testProject2/results_cell_counts/_Image_77_-_20x_02_cellCount_29_downsample_10p002um_pix.tif,/data/neuralabc/johmat/phase_ml/source/macaque_tiffs_2/,zefir_0207__Image_77_-_20x_02.ome.tif
208,179.1,/data/neuralabc/neuralabc_volunteers/macaque/testProject2/results_cell_counts/_Image_78_-_20x_01_cellCount_29_downsample_10p002um_pix.tif,/data/neuralabc/johmat/phase_ml/source/macaque_tiffs_2/,zefir_0208__Image_78_-_20x_01.ome.tif
209,179.2,/data/neuralabc/neuralabc_volunteers/macaque/testProject2/results_cell_counts/_Image_78_-_20x_02_cellCount_29_downsample_10p002um_pix.tif,/data/neuralabc/johmat/phase_ml/source/macaque_tiffs_2/,zefir_0209__Image_78_-_20x_02.ome.tif
210,180.1,/data/neuralabc/neuralabc_volunteers/macaque/testProject2/results_cell_counts/_Image_79_-_20x_01_cellCount_29_downsample_10p002um_pix.tif,/data/neuralabc/johmat/phase_ml/source/macaque_tiffs_2/,zefir_0210__Image_79_-_20x_01.ome.tif
211,180.2,/data/neuralabc/neuralabc_volunteers/macaque/testProject2/results_cell_counts/_Image_79_-_20x_02_cellCount_29_downsample_10p002um_pix.tif,/data/neuralabc/johmat/phase_ml/source/macaque_tiffs_2/,zefir_0211__Image_79_-_20x_02.ome.tif
212,181.1,/data/neuralabc/neuralabc_volunteers/macaque/testProject2/results_cell_counts/_Image_80_-_20x_01_cellCount_29_downsample_10p002um_pix.tif,/data/neuralabc/johmat/phase_ml/source/macaque_tiffs_2/,zefir_0212__Image_80_-_20x_01.ome.tif
213,181.2,/data/neuralabc/neuralabc_volunteers/macaque/testProject2/results_cell_counts/_Image_80_-_20x_02_cellCount_29_downsample_10p002um_pix.tif,/data/neuralabc/johmat/phase_ml/source/macaque_tiffs_2/,zefir_0213__Image_80_-_20x_02.ome.tif
214,182.1,/data/neuralabc/neuralabc_volunteers/macaque/testProject2/results_cell_counts/_Image_81_-_20x_01_cellCount_29_downsample_10p002um_pix.tif,/data/neuralabc/johmat/phase_ml/source/macaque_tiffs_2/,zefir_0214__Image_81_-_20x_01.ome.tif
215,182.2,/data/neuralabc/neuralabc_volunteers/macaque/testProject2/results_cell_counts/_Image_81_-_20x_02_cellCount_29_downsample_10p002um_pix.tif,/data/neuralabc/johmat/phase_ml/source/macaque_tiffs_2/,zefir_0215__Image_81_-_20x_02.ome.tif
216,183.1,/data/neuralabc/neuralabc_volunteers/macaque/testProject2/results_cell_counts/_Image_82_-_20x_cellCount_29_downsample_10p002um_pix.tif,/data/neuralabc/johmat/phase_ml/source/macaque_tiffs_2/,zefir_0216__Image_82_-_20x.ome.tif
217,184.1,/data/neuralabc/neuralabc_volunteers/macaque/testProject2/results_cell_counts/_Image_83_-_20x_01_cellCount_29_downsample_10p002um_pix.tif,/data/neuralabc/johmat/phase_ml/source/macaque_tiffs_2/,zefir_0217__Image_83_-_20x_01.ome.tif
218,184.2,/data/neuralabc/neuralabc_volunteers/macaque/testProject2/results_cell_counts/_Image_83_-_20x_02_cellCount_29_downsample_10p002um_pix.tif,/data/neuralabc/johmat/phase_ml/source/macaque_tiffs_2/,zefir_0218__Image_83_-_20x_02.ome.tif
219,185.1,/data/neuralabc/neuralabc_volunteers/macaque/testProject2/results_cell_counts/_Image_84_-_20x_01_cellCount_29_downsample_10p002um_pix.tif,/data/neuralabc/johmat/phase_ml/source/macaque_tiffs_2/,zefir_0219__Image_84_-_20x_01.ome.tif
220,185.2,/data/neuralabc/neuralabc_volunteers/macaque/testProject2/results_cell_counts/_Image_84_-_20x_02_cellCount_29_downsample_10p002um_pix.tif,/data/neuralabc/johmat/phase_ml/source/macaque_tiffs_2/,zefir_0220__Image_84_-_20x_02.ome.tif
221,186.1,/data/neuralabc/neuralabc_volunteers/macaque/testProject2/results_cell_counts/_Image_85_-_20x_01_cellCount_29_downsample_10p002um_pix.tif,/data/neuralabc/johmat/phase_ml/source/macaque_tiffs_2/,zefir_0221__Image_85_-_20x_01.ome.tif
222,186.2,/data/neuralabc/neuralabc_volunteers/macaque/testProject2/results_cell_counts/_Image_85_-_20x_02_cellCount_29_downsample_10p002um_pix.tif,/data/neuralabc/johmat/phase_ml/source/macaque_tiffs_2/,zefir_0222__Image_85_-_20x_02.ome.tif
223,187.1,/data/neuralabc/neuralabc_volunteers/macaque/testProject2/results_cell_counts/_Image_86_-_20x_01_cellCount_29_downsample_10p002um_pix.tif,/data/neuralabc/johmat/phase_ml/source/macaque_tiffs_2/,zefir_0223__Image_86_-_20x_01.ome.tif
224,187.2,/data/neuralabc/neuralabc_volunteers/macaque/testProject2/results_cell_counts/_Image_86_-_20x_02_cellCount_29_downsample_10p002um_pix.tif,/data/neuralabc/johmat/phase_ml/source/macaque_tiffs_2/,zefir_0224__Image_86_-_20x_02.ome.tif
225,188.1,/data/neuralabc/neuralabc_volunteers/macaque/testProject2/results_cell_counts/_Image_87_-_20x_01_cellCount_29_downsample_10p002um_pix.tif,/data/neuralabc/johmat/phase_ml/source/macaque_tiffs_2/,zefir_0225__Image_87_-_20x_01.ome.tif
226,188.2,/data/neuralabc/neuralabc_volunteers/macaque/testProject2/results_cell_counts/_Image_87_-_20x_02_cellCount_29_downsample_10p002um_pix.tif,/data/neuralabc/johmat/phase_ml/source/macaque_tiffs_2/,zefir_0226__Image_87_-_20x_02.ome.tif
227,189.1,/data/neuralabc/neuralabc_volunteers/macaque/testProject2/results_cell_counts/_Image_88_-_20x_01_cellCount_29_downsample_10p002um_pix.tif,/data/neuralabc/johmat/phase_ml/source/macaque_tiffs_2/,zefir_0227__Image_88_-_20x_01.ome.tif
228,189.2,/data/neuralabc/neuralabc_volunteers/macaque/testProject2/results_cell_counts/_Image_88_-_20x_02_cellCount_29_downsample_10p002um_pix.tif,/data/neuralabc/johmat/phase_ml/source/macaque_tiffs_2/,zefir_0228__Image_88_-_20x_02.ome.tif
229,190.1,/data/neuralabc/neuralabc_volunteers/macaque/testProject2/results_cell_counts/_Image_89_-_20x_01_cellCount_29_downsample_10p002um_pix.tif,/data/neuralabc/johmat/phase_ml/source/macaque_tiffs_2/,zefir_0229__Image_89_-_20x_01.ome.tif
230,190.2,/data/neuralabc/neuralabc_volunteers/macaque/testProject2/results_cell_counts/_Image_89_-_20x_02_cellCount_29_downsample_10p002um_pix.tif,/data/neuralabc/johmat/phase_ml/source/macaque_tiffs_2/,zefir_0230__Image_89_-_20x_02.ome.tif
231,191.1,/data/neuralabc/neuralabc_volunteers/macaque/testProject2/results_cell_counts/_Image_90_-_20x_01_cellCount_29_downsample_10p002um_pix.tif,/data/neuralabc/johmat/phase_ml/source/macaque_tiffs_2/,zefir_0231__Image_90_-_20x_01.ome.tif
232,191.2,/data/neuralabc/neuralabc_volunteers/macaque/testProject2/results_cell_counts/_Image_90_-_20x_02_cellCount_29_downsample_10p002um_pix.tif,/data/neuralabc/johmat/phase_ml/source/macaque_tiffs_2/,zefir_0232__Image_90_-_20x_02.ome.tif
233,192.1,/data/neuralabc/neuralabc_volunteers/macaque/testProject2/results_cell_counts/_Image_91_-_20x_01_cellCount_29_downsample_10p002um_pix.tif,/data/neuralabc/johmat/phase_ml/source/macaque_tiffs_2/,zefir_0233__Image_91_-_20x_01.ome.tif
234,192.2,/data/neuralabc/neuralabc_volunteers/macaque/testProject2/results_cell_counts/_Image_91_-_20x_02_cellCount_29_downsample_10p002um_pix.tif,/data/neuralabc/johmat/phase_ml/source/macaque_tiffs_2/,zefir_0234__Image_91_-_20x_02.ome.tif
235,193.1,/data/neuralabc/neuralabc_volunteers/macaque/testProject2/results_cell_counts/_Image_92_-_20x_01_cellCount_29_downsample_10p002um_pix.tif,/data/neuralabc/johmat/phase_ml/source/macaque_tiffs_2/,zefir_0235__Image_92_-_20x_01.ome.tif
236,193.2,/data/neuralabc/neuralabc_volunteers/macaque/testProject2/results_cell_counts/_Image_92_-_20x_02_cellCount_29_downsample_10p002um_pix.tif,/data/neuralabc/johmat/phase_ml/source/macaque_tiffs_2/,zefir_0236__Image_92_-_20x_02.ome.tif
237,194.1,/data/neuralabc/neuralabc_volunteers/macaque/testProject2/results_cell_counts/_Image_93_-_20x_01_cellCount_29_downsample_10p002um_pix.tif,/data/neuralabc/johmat/phase_ml/source/macaque_tiffs_2/,zefir_0237__Image_93_-_20x_01.ome.tif
238,194.2,/data/neuralabc/neuralabc_volunteers/macaque/testProject2/results_cell_counts/_Image_93_-_20x_02_cellCount_29_downsample_10p002um_pix.tif,/data/neuralabc/johmat/phase_ml/source/macaque_tiffs_2/,zefir_0238__Image_93_-_20x_02.ome.tif
239,195.1,/data/neuralabc/neuralabc_volunteers/macaque/testProject2/results_cell_counts/_Image_94_-_20x_01_cellCount_29_downsample_10p002um_pix.tif,/data/neuralabc/johmat/phase_ml/source/macaque_tiffs_2/,zefir_0239__Image_94_-_20x_01.ome.tif
240,195.2,/data/neuralabc/neuralabc_volunteers/macaque/testProject2/results_cell_counts/_Image_94_-_20x_02_cellCount_29_downsample_10p002um_pix.tif,/data/neuralabc/johmat/phase_ml/source/macaque_tiffs_2/,zefir_0240__Image_94_-_20x_02.ome.tif
241,196.1,/data/neuralabc/neuralabc_volunteers/macaque/testProject2/results_cell_counts/_Image_95_-_20x_01_cellCount_29_downsample_10p002um_pix.tif,/data/neuralabc/johmat/phase_ml/source/macaque_tiffs_2/,zefir_0241__Image_95_-_20x_01.ome.tif
242,196.2,/data/neuralabc/neuralabc_volunteers/macaque/testProject2/results_cell_counts/_Image_95_-_20x_02_cellCount_29_downsample_10p002um_pix.tif,/data/neuralabc/johmat/phase_ml/source/macaque_tiffs_2/,zefir_0242__Image_95_-_20x_02.ome.tif
243,197.1,/data/neuralabc/neuralabc_volunteers/macaque/testProject2/results_cell_counts/_Image_96_-_20x_01_cellCount_29_downsample_10p002um_pix.tif,/data/neuralabc/johmat/phase_ml/source/macaque_tiffs_2/,zefir_0243__Image_96_-_20x_01.ome.tif
244,197.2,/data/neuralabc/neuralabc_volunteers/macaque/testProject2/results_cell_counts/_Image_96_-_20x_02_cellCount_29_downsample_10p002um_pix.tif,/data/neuralabc/johmat/phase_ml/source/macaque_tiffs_2/,zefir_0244__Image_96_-_20x_02.ome.tif
245,198.1,/data/neuralabc/neuralabc_volunteers/macaque/testProject2/results_cell_counts/_Image_97_-_20x_01_cellCount_29_downsample_10p002um_pix.tif,/data/neuralabc/johmat/phase_ml/source/macaque_tiffs_2/,zefir_0245__Image_97_-_20x_01.ome.tif
246,198.2,/data/neuralabc/neuralabc_volunteers/macaque/testProject2/results_cell_counts/_Image_97_-_20x_02_cellCount_29_downsample_10p002um_pix.tif,/data/neuralabc/johmat/phase_ml/source/macaque_tiffs_2/,zefir_0246__Image_97_-_20x_02.ome.tif
247,199.1,/data/neuralabc/neuralabc_volunteers/macaque/testProject2/results_cell_counts/_Image_98_-_20x_01_cellCount_29_downsample_10p002um_pix.tif,/data/neuralabc/johmat/phase_ml/source/macaque_tiffs_2/,zefir_0247__Image_98_-_20x_01.ome.tif
248,199.2,/data/neuralabc/neuralabc_volunteers/macaque/testProject2/results_cell_counts/_Image_98_-_20x_02_cellCount_29_downsample_10p002um_pix.tif,/data/neuralabc/johmat/phase_ml/source/macaque_tiffs_2/,zefir_0248__Image_98_-_20x_02.ome.tif
249,200.1,/data/neuralabc/neuralabc_volunteers/macaque/testProject2/results_cell_counts/_Image_99_-_20x_01_cellCount_29_downsample_10p002um_pix.tif,/data/neuralabc/johmat/phase_ml/source/macaque_tiffs_2/,zefir_0249__Image_99_-_20x_01.ome.tif
250,200.2,/data/neuralabc/neuralabc_volunteers/macaque/testProject2/results_cell_counts/_Image_99_-_20x_02_cellCount_29_downsample_10p002um_pix.tif,/data/neuralabc/johmat/phase_ml/source/macaque_tiffs_2/,zefir_0250__Image_99_-_20x_02.ome.tif
251,176.1,/data/neuralabc/neuralabc_volunteers/macaque/testProject2/results_cell_counts/slide_176_Image_01_-_20x_01_cellCount_29_downsample_10p002um_pix.tif,/data/neuralabc/johmat/phase_ml/source/macaque_tiffs_2/,zefir_0251__slide_176_Image_01_-_20x_01.ome.tif
252,176.2,/data/neuralabc/neuralabc_volunteers/macaque/testProject2/results_cell_counts/slide_176_Image_01_-_20x_02_cellCount_29_downsample_10p002um_pix.tif,/data/neuralabc/johmat/phase_ml/source/macaque_tiffs_2/,zefir_0252__slide_176_Image_01_-_20x_02.ome.tif
253,262.1,/data/neuralabc/neuralabc_volunteers/macaque/testProject3/results_cell_counts/_Image_62_-_20x_01_cellCount_29_downsample_10p002um_pix.tif,/data/neuralabc/johmat/phase_ml/source/macaque_tiffs_3/,
254,262.2,/data/neuralabc/neuralabc_volunteers/macaque/testProject3/results_cell_counts/_Image_62_-_20x_02_cellCount_29_downsample_10p002um_pix.tif,/data/neuralabc/johmat/phase_ml/source/macaque_tiffs_3/,
255,262.3,/data/neuralabc/neuralabc_volunteers/macaque/testProject3/results_cell_counts/_Image_62_-_20x_03_cellCount_29_downsample_10p002um_pix.tif,/data/neuralabc/johmat/phase_ml/source/macaque_tiffs_3/,Image_62_vsi_-_20x_03.ome.tif
256,262.4,/data/neuralabc/neuralabc_volunteers/macaque/testProject3/results_cell_counts/_Image_62_-_20x_04_cellCount_29_downsample_10p002um_pix.tif,/data/neuralabc/johmat/phase_ml/source/macaque_tiffs_3/,Image_62_vsi_-_20x_04.ome.tif
257,261.1,/data/neuralabc/neuralabc_volunteers/macaque/testProject3/results_cell_counts/_Image_61_-_20x_01_cellCount_29_downsample_10p002um_pix.tif,/data/neuralabc/johmat/phase_ml/source/macaque_tiffs_3/,
258,261.2,/data/neuralabc/neuralabc_volunteers/macaque/testProject3/results_cell_counts/_Image_61_-_20x_02_cellCount_29_downsample_10p002um_pix.tif,/data/neuralabc/johmat/phase_ml/source/macaque_tiffs_3/,Image_61_vsi_-_20x_02.ome.tif
259,261.3,/data/neuralabc/neuralabc_volunteers/macaque/testProject3/results_cell_counts/_Image_61_-_20x_03_cellCount_29_downsample_10p002um_pix.tif,/data/neuralabc/johmat/phase_ml/source/macaque_tiffs_3/,Image_61_vsi_-_20x_03.ome.tif
260,261.4,/data/neuralabc/neuralabc_volunteers/macaque/testProject3/results_cell_counts/_Image_61_-_20x_04_cellCount_29_downsample_10p002um_pix.tif,/data/neuralabc/johmat/phase_ml/source/macaque_tiffs_3/,Image_61_vsi_-_20x_04.ome.tif
261,260.1,/data/neuralabc/neuralabc_volunteers/macaque/testProject3/results_cell_counts/_Image_60_-_20x_01_cellCount_29_downsample_10p002um_pix.tif,/data/neuralabc/johmat/phase_ml/source/macaque_tiffs_3/,Image_60_vsi_-_20x_01.ome.tif
262,260.2,/data/neuralabc/neuralabc_volunteers/macaque/testProject3/results_cell_counts/_Image_60_-_20x_02_cellCount_29_downsample_10p002um_pix.tif,/data/neuralabc/johmat/phase_ml/source/macaque_tiffs_3/,Image_60_vsi_-_20x_02.ome.tif
263,259.1,/data/neuralabc/neuralabc_volunteers/macaque/testProject3/results_cell_counts/_Image_59_-_20x_01_cellCount_29_downsample_10p002um_pix.tif,/data/neuralabc/johmat/phase_ml/source/macaque_tiffs_3/,Image_59_vsi_-_20x_01.ome.tif
264,259.2,/data/neuralabc/neuralabc_volunteers/macaque/testProject3/results_cell_counts/_Image_59_-_20x_02_cellCount_29_downsample_10p002um_pix.tif,/data/neuralabc/johmat/phase_ml/source/macaque_tiffs_3/,
265,259.3,/data/neuralabc/neuralabc_volunteers/macaque/testProject3/results_cell_counts/_Image_59_-_20x_03_cellCount_29_downsample_10p002um_pix.tif,/data/neuralabc/johmat/phase_ml/source/macaque_tiffs_3/,Image_59_vsi_-_20x_03.ome.tif
266,258.1,/data/neuralabc/neuralabc_volunteers/macaque/testProject3/results_cell_counts/_Image_58_-_20x_01_cellCount_29_downsample_10p002um_pix.tif,/data/neuralabc/johmat/phase_ml/source/macaque_tiffs_3/,Image_58_vsi_-_20x_01.ome.tif
267,258.2,/data/neuralabc/neuralabc_volunteers/macaque/testProject3/results_cell_counts/_Image_58_-_20x_02_cellCount_29_downsample_10p002um_pix.tif,/data/neuralabc/johmat/phase_ml/source/macaque_tiffs_3/,Image_58_vsi_-_20x_02.ome.tif
268,257.1,/data/neuralabc/neuralabc_volunteers/macaque/testProject3/results_cell_counts/_Image_57_-_20x_01_cellCount_29_downsample_10p002um_pix.tif,/data/neuralabc/johmat/phase_ml/source/macaque_tiffs_3/,Image_57_vsi_-_20x_01.ome.tif
269,257.2,/data/neuralabc/neuralabc_volunteers/macaque/testProject3/results_cell_counts/_Image_57_-_20x_02_cellCount_29_downsample_10p002um_pix.tif,/data/neuralabc/johmat/phase_ml/source/macaque_tiffs_3/,Image_57_vsi_-_20x_02.ome.tif
270,257.3,/data/neuralabc/neuralabc_volunteers/macaque/testProject3/results_cell_counts/_Image_57_-_20x_03_cellCount_29_downsample_10p002um_pix.tif,/data/neuralabc/johmat/phase_ml/source/macaque_tiffs_3/,Image_57_vsi_-_20x_03.ome.tif
271,256.1,/data/neuralabc/neuralabc_volunteers/macaque/testProject3/results_cell_counts/_Image_56_-_20x_01_cellCount_29_downsample_10p002um_pix.tif,/data/neuralabc/johmat/phase_ml/source/macaque_tiffs_3/,Image_56_vsi_-_20x_01.ome.tif
272,256.2,/data/neuralabc/neuralabc_volunteers/macaque/testProject3/results_cell_counts/_Image_56_-_20x_02_cellCount_29_downsample_10p002um_pix.tif,/data/neuralabc/johmat/phase_ml/source/macaque_tiffs_3/,Image_56_vsi_-_20x_02.ome.tif
273,256.3,/data/neuralabc/neuralabc_volunteers/macaque/testProject3/results_cell_counts/_Image_56_-_20x_03_cellCount_29_downsample_10p002um_pix.tif,/data/neuralabc/johmat/phase_ml/source/macaque_tiffs_3/,Image_56_vsi_-_20x_03.ome.tif
274,255.1,/data/neuralabc/neuralabc_volunteers/macaque/testProject3/results_cell_counts/_Image_55_-_20x_01_cellCount_29_downsample_10p002um_pix.tif,/data/neuralabc/johmat/phase_ml/source/macaque_tiffs_3/,Image_55_vsi_-_20x_01.ome.tif
275,255.2,/data/neuralabc/neuralabc_volunteers/macaque/testProject3/results_cell_counts/_Image_55_-_20x_02_cellCount_29_downsample_10p002um_pix.tif,/data/neuralabc/johmat/phase_ml/source/macaque_tiffs_3/,Image_55_vsi_-_20x_02.ome.tif
276,255.3,/data/neuralabc/neuralabc_volunteers/macaque/testProject3/results_cell_counts/_Image_55_-_20x_03_cellCount_29_downsample_10p002um_pix.tif,/data/neuralabc/johmat/phase_ml/source/macaque_tiffs_3/,Image_55_vsi_-_20x_03.ome.tif
277,254.1,/data/neuralabc/neuralabc_volunteers/macaque/testProject3/results_cell_counts/_Image_54_-_20x_01_cellCount_29_downsample_10p002um_pix.tif,/data/neuralabc/johmat/phase_ml/source/macaque_tiffs_3/,Image_54_vsi_-_20x_01.ome.tif
278,254.2,/data/neuralabc/neuralabc_volunteers/macaque/testProject3/results_cell_counts/_Image_54_-_20x_02_cellCount_29_downsample_10p002um_pix.tif,/data/neuralabc/johmat/phase_ml/source/macaque_tiffs_3/,Image_54_vsi_-_20x_02.ome.tif
279,254.3,/data/neuralabc/neuralabc_volunteers/macaque/testProject3/results_cell_counts/_Image_54_-_20x_03_cellCount_29_downsample_10p002um_pix.tif,/data/neuralabc/johmat/phase_ml/source/macaque_tiffs_3/,Image_54_vsi_-_20x_03.ome.tif
280,253.1,/data/neuralabc/neuralabc_volunteers/macaque/testProject3/results_cell_counts/_Image_53_-_20x_01_cellCount_29_downsample_10p002um_pix.tif,/data/neuralabc/johmat/phase_ml/source/macaque_tiffs_3/,Image_53_vsi_-_20x_01.ome.tif
281,253.2,/data/neuralabc/neuralabc_volunteers/macaque/testProject3/results_cell_counts/_Image_53_-_20x_02_cellCount_29_downsample_10p002um_pix.tif,/data/neuralabc/johmat/phase_ml/source/macaque_tiffs_3/,Image_53_vsi_-_20x_02.ome.tif
282,253.3,/data/neuralabc/neuralabc_volunteers/macaque/testProject3/results_cell_counts/_Image_53_-_20x_03_cellCount_29_downsample_10p002um_pix.tif,/data/neuralabc/johmat/phase_ml/source/macaque_tiffs_3/,Image_53_vsi_-_20x_03.ome.tif
283,252.1,/data/neuralabc/neuralabc_volunteers/macaque/testProject3/results_cell_counts/_Image_52_-_20x_01_cellCount_29_downsample_10p002um_pix.tif,/data/neuralabc/johmat/phase_ml/source/macaque_tiffs_3/,Image_52_vsi_-_20x_01.ome.tif
284,252.2,/data/neuralabc/neuralabc_volunteers/macaque/testProject3/results_cell_counts/_Image_52_-_20x_02_cellCount_29_downsample_10p002um_pix.tif,/data/neuralabc/johmat/phase_ml/source/macaque_tiffs_3/,Image_52_vsi_-_20x_02.ome.tif
285,252.3,/data/neuralabc/neuralabc_volunteers/macaque/testProject3/results_cell_counts/_Image_52_-_20x_03_cellCount_29_downsample_10p002um_pix.tif,/data/neuralabc/johmat/phase_ml/source/macaque_tiffs_3/,
286,251.1,/data/neuralabc/neuralabc_volunteers/macaque/testProject3/results_cell_counts/_Image_51_-_20x_01_cellCount_29_downsample_10p002um_pix.tif,/data/neuralabc/johmat/phase_ml/source/macaque_tiffs_3/,
287,251.2,/data/neuralabc/neuralabc_volunteers/macaque/testProject3/results_cell_counts/_Image_51_-_20x_02_cellCount_29_downsample_10p002um_pix.tif,/data/neuralabc/johmat/phase_ml/source/macaque_tiffs_3/,
288,251.3,/data/neuralabc/neuralabc_volunteers/macaque/testProject3/results_cell_counts/_Image_51_-_20x_03_cellCount_29_downsample_10p002um_pix.tif,/data/neuralabc/johmat/phase_ml/source/macaque_tiffs_3/,
289,250.1,/data/neuralabc/neuralabc_volunteers/macaque/testProject3/results_cell_counts/_Image_50_-_20x_01_cellCount_29_downsample_10p002um_pix.tif,/data/neuralabc/johmat/phase_ml/source/macaque_tiffs_3/,
290,250.2,/data/neuralabc/neuralabc_volunteers/macaque/testProject3/results_cell_counts/_Image_50_-_20x_02_cellCount_29_downsample_10p002um_pix.tif,/data/neuralabc/johmat/phase_ml/source/macaque_tiffs_3/,
291,250.3,/data/neuralabc/neuralabc_volunteers/macaque/testProject3/results_cell_counts/_Image_50_-_20x_03_cellCount_29_downsample_10p002um_pix.tif,/data/neuralabc/johmat/phase_ml/source/macaque_tiffs_3/,
292,249.1,/data/neuralabc/neuralabc_volunteers/macaque/testProject3/results_cell_counts/_Image_49_-_20x_01_cellCount_29_downsample_10p002um_pix.tif,/data/neuralabc/johmat/phase_ml/source/macaque_tiffs_3/,
293,249.2,/data/neuralabc/neuralabc_volunteers/macaque/testProject3/results_cell_counts/_Image_49_-_20x_02_cellCount_29_downsample_10p002um_pix.tif,/data/neuralabc/johmat/phase_ml/source/macaque_tiffs_3/,
294,249.3,/data/neuralabc/neuralabc_volunteers/macaque/testProject3/results_cell_counts/_Image_49_-_20x_03_cellCount_29_downsample_10p002um_pix.tif,/data/neuralabc/johmat/phase_ml/source/macaque_tiffs_3/,
295,248.1,/data/neuralabc/neuralabc_volunteers/macaque/testProject3/results_cell_counts/_Image_48_-_20x_01_cellCount_29_downsample_10p002um_pix.tif,/data/neuralabc/johmat/phase_ml/source/macaque_tiffs_3/,
296,248.2,/data/neuralabc/neuralabc_volunteers/macaque/testProject3/results_cell_counts/_Image_48_-_20x_02_cellCount_29_downsample_10p002um_pix.tif,/data/neuralabc/johmat/phase_ml/source/macaque_tiffs_3/,
297,248.3,/data/neuralabc/neuralabc_volunteers/macaque/testProject3/results_cell_counts/_Image_48_-_20x_03_cellCount_29_downsample_10p002um_pix.tif,/data/neuralabc/johmat/phase_ml/source/macaque_tiffs_3/,
298,247.1,/data/neuralabc/neuralabc_volunteers/macaque/testProject3/results_cell_counts/_Image_47_-_20x_01_cellCount_29_downsample_10p002um_pix.tif,/data/neuralabc/johmat/phase_ml/source/macaque_tiffs_3/,
299,247.2,/data/neuralabc/neuralabc_volunteers/macaque/testProject3/results_cell_counts/_Image_47_-_20x_02_cellCount_29_downsample_10p002um_pix.tif,/data/neuralabc/johmat/phase_ml/source/macaque_tiffs_3/,
300,247.3,/data/neuralabc/neuralabc_volunteers/macaque/testProject3/results_cell_counts/_Image_47_-_20x_03_cellCount_29_downsample_10p002um_pix.tif,/data/neuralabc/johmat/phase_ml/source/macaque_tiffs_3/,
301,246.1,/data/neuralabc/neuralabc_volunteers/macaque/testProject3/results_cell_counts/_Image_46_-_20x_01_cellCount_29_downsample_10p002um_pix.tif,/data/neuralabc/johmat/phase_ml/source/macaque_tiffs_3/,
302,246.2,/data/neuralabc/neuralabc_volunteers/macaque/testProject3/results_cell_counts/_Image_46_-_20x_02_cellCount_29_downsample_10p002um_pix.tif,/data/neuralabc/johmat/phase_ml/source/macaque_tiffs_3/,
303,246.3,/data/neuralabc/neuralabc_volunteers/macaque/testProject3/results_cell_counts/_Image_46_-_20x_03_cellCount_29_downsample_10p002um_pix.tif,/data/neuralabc/johmat/phase_ml/source/macaque_tiffs_3/,
304,245.1,/data/neuralabc/neuralabc_volunteers/macaque/testProject3/results_cell_counts/_Image_45_-_20x_01_cellCount_29_downsample_10p002um_pix.tif,/data/neuralabc/johmat/phase_ml/source/macaque_tiffs_3/,
305,245.2,/data/neuralabc/neuralabc_volunteers/macaque/testProject3/results_cell_counts/_Image_45_-_20x_02_cellCount_29_downsample_10p002um_pix.tif,/data/neuralabc/johmat/phase_ml/source/macaque_tiffs_3/,
306,245.3,/data/neuralabc/neuralabc_volunteers/macaque/testProject3/results_cell_counts/_Image_45_-_20x_03_cellCount_29_downsample_10p002um_pix.tif,/data/neuralabc/johmat/phase_ml/source/macaque_tiffs_3/,
307,244.1,/data/neuralabc/neuralabc_volunteers/macaque/testProject3/results_cell_counts/_Image_44_-_20x_01_cellCount_29_downsample_10p002um_pix.tif,/data/neuralabc/johmat/phase_ml/source/macaque_tiffs_3/,
308,244.2,/data/neuralabc/neuralabc_volunteers/macaque/testProject3/results_cell_counts/_Image_44_-_20x_02_cellCount_29_downsample_10p002um_pix.tif,/data/neuralabc/johmat/phase_ml/source/macaque_tiffs_3/,
309,244.3,/data/neuralabc/neuralabc_volunteers/macaque/testProject3/results_cell_counts/_Image_44_-_20x_03_cellCount_29_downsample_10p002um_pix.tif,/data/neuralabc/johmat/phase_ml/source/macaque_tiffs_3/,
310,243.1,/data/neuralabc/neuralabc_volunteers/macaque/testProject3/results_cell_counts/_Image_43_-_20x_01_cellCount_29_downsample_10p002um_pix.tif,/data/neuralabc/johmat/phase_ml/source/macaque_tiffs_3/,
311,243.2,/data/neuralabc/neuralabc_volunteers/macaque/testProject3/results_cell_counts/_Image_43_-_20x_02_cellCount_29_downsample_10p002um_pix.tif,/data/neuralabc/johmat/phase_ml/source/macaque_tiffs_3/,
312,243.3,/data/neuralabc/neuralabc_volunteers/macaque/testProject3/results_cell_counts/_Image_43_-_20x_03_cellCount_29_downsample_10p002um_pix.tif,/data/neuralabc/johmat/phase_ml/source/macaque_tiffs_3/,
313,242.1,/data/neuralabc/neuralabc_volunteers/macaque/testProject3/results_cell_counts/_Image_42_-_20x_01_cellCount_29_downsample_10p002um_pix.tif,/data/neuralabc/johmat/phase_ml/source/macaque_tiffs_3/,
314,242.2,/data/neuralabc/neuralabc_volunteers/macaque/testProject3/results_cell_counts/_Image_42_-_20x_02_cellCount_29_downsample_10p002um_pix.tif,/data/neuralabc/johmat/phase_ml/source/macaque_tiffs_3/,
315,242.3,/data/neuralabc/neuralabc_volunteers/macaque/testProject3/results_cell_counts/_Image_42_-_20x_03_cellCount_29_downsample_10p002um_pix.tif,/data/neuralabc/johmat/phase_ml/source/macaque_tiffs_3/,
316,241.1,/data/neuralabc/neuralabc_volunteers/macaque/testProject3/results_cell_counts/_Image_41_-_20x_01_cellCount_29_downsample_10p002um_pix.tif,/data/neuralabc/johmat/phase_ml/source/macaque_tiffs_3/,
317,241.2,/data/neuralabc/neuralabc_volunteers/macaque/testProject3/results_cell_counts/_Image_41_-_20x_02_cellCount_29_downsample_10p002um_pix.tif,/data/neuralabc/johmat/phase_ml/source/macaque_tiffs_3/,
318,241.3,/data/neuralabc/neuralabc_volunteers/macaque/testProject3/results_cell_counts/_Image_41_-_20x_03_cellCount_29_downsample_10p002um_pix.tif,/data/neuralabc/johmat/phase_ml/source/macaque_tiffs_3/,
319,240.1,/data/neuralabc/neuralabc_volunteers/macaque/testProject3/results_cell_counts/_Image_40_-_20x_01_cellCount_29_downsample_10p002um_pix.tif,/data/neuralabc/johmat/phase_ml/source/macaque_tiffs_3/,
320,240.2,/data/neuralabc/neuralabc_volunteers/macaque/testProject3/results_cell_counts/_Image_40_-_20x_02_cellCount_29_downsample_10p002um_pix.tif,/data/neuralabc/johmat/phase_ml/source/macaque_tiffs_3/,
321,240.3,/data/neuralabc/neuralabc_volunteers/macaque/testProject3/results_cell_counts/_Image_40_-_20x_03_cellCount_29_downsample_10p002um_pix.tif,/data/neuralabc/johmat/phase_ml/source/macaque_tiffs_3/,
322,239.1,/data/neuralabc/neuralabc_volunteers/macaque/testProject3/results_cell_counts/_Image_39_-_20x_01_cellCount_29_downsample_10p002um_pix.tif,/data/neuralabc/johmat/phase_ml/source/macaque_tiffs_3/,
323,239.2,/data/neuralabc/neuralabc_volunteers/macaque/testProject3/results_cell_counts/_Image_39_-_20x_02_cellCount_29_downsample_10p002um_pix.tif,/data/neuralabc/johmat/phase_ml/source/macaque_tiffs_3/,
324,239.3,/data/neuralabc/neuralabc_volunteers/macaque/testProject3/results_cell_counts/_Image_39_-_20x_03_cellCount_29_downsample_10p002um_pix.tif,/data/neuralabc/johmat/phase_ml/source/macaque_tiffs_3/,
325,238.1,/data/neuralabc/neuralabc_volunteers/macaque/testProject3/results_cell_counts/_Image_38_-_20x_01_cellCount_29_downsample_10p002um_pix.tif,/data/neuralabc/johmat/phase_ml/source/macaque_tiffs_3/,
326,238.2,/data/neuralabc/neuralabc_volunteers/macaque/testProject3/results_cell_counts/_Image_38_-_20x_02_cellCount_29_downsample_10p002um_pix.tif,/data/neuralabc/johmat/phase_ml/source/macaque_tiffs_3/,Image_38_vsi_-_20x_02.ome.tif
327,237.1,/data/neuralabc/neuralabc_volunteers/macaque/testProject3/results_cell_counts/_Image_37_-_20x_01_cellCount_29_downsample_10p002um_pix.tif,/data/neuralabc/johmat/phase_ml/source/macaque_tiffs_3/,
328,237.2,/data/neuralabc/neuralabc_volunteers/macaque/testProject3/results_cell_counts/_Image_37_-_20x_02_cellCount_29_downsample_10p002um_pix.tif,/data/neuralabc/johmat/phase_ml/source/macaque_tiffs_3/,
329,236.1,/data/neuralabc/neuralabc_volunteers/macaque/testProject3/results_cell_counts/_Image_36_-_20x_01_cellCount_29_downsample_10p002um_pix.tif,/data/neuralabc/johmat/phase_ml/source/macaque_tiffs_3/,
330,236.2,/data/neuralabc/neuralabc_volunteers/macaque/testProject3/results_cell_counts/_Image_36_-_20x_02_cellCount_29_downsample_10p002um_pix.tif,/data/neuralabc/johmat/phase_ml/source/macaque_tiffs_3/,
331,235.1,/data/neuralabc/neuralabc_volunteers/macaque/testProject3/results_cell_counts/_Image_35_-_20x_cellCount_29_downsample_10p002um_pix.tif,/data/neuralabc/johmat/phase_ml/source/macaque_tiffs_3/,Image_35_vsi_-_20x.ome.tif
332,234.1,/data/neuralabc/neuralabc_volunteers/macaque/testProject3/results_cell_counts/_Image_34_-_20x_01_cellCount_29_downsample_10p002um_pix.tif,/data/neuralabc/johmat/phase_ml/source/macaque_tiffs_3/,
333,234.2,/data/neuralabc/neuralabc_volunteers/macaque/testProject3/results_cell_counts/_Image_34_-_20x_02_cellCount_29_downsample_10p002um_pix.tif,/data/neuralabc/johmat/phase_ml/source/macaque_tiffs_3/,
334,233.1,/data/neuralabc/neuralabc_volunteers/macaque/testProject3/results_cell_counts/_Image_33_-_20x_01_cellCount_29_downsample_10p002um_pix.tif,/data/neuralabc/johmat/phase_ml/source/macaque_tiffs_3/,
335,233.2,/data/neuralabc/neuralabc_volunteers/macaque/testProject3/results_cell_counts/_Image_33_-_20x_02_cellCount_29_downsample_10p002um_pix.tif,/data/neuralabc/johmat/phase_ml/source/macaque_tiffs_3/,
336,232.1,/data/neuralabc/neuralabc_volunteers/macaque/testProject3/results_cell_counts/_Image_32_-_20x_01_cellCount_29_downsample_10p002um_pix.tif,/data/neuralabc/johmat/phase_ml/source/macaque_tiffs_3/,
337,232.2,/data/neuralabc/neuralabc_volunteers/macaque/testProject3/results_cell_counts/_Image_32_-_20x_02_cellCount_29_downsample_10p002um_pix.tif,/data/neuralabc/johmat/phase_ml/source/macaque_tiffs_3/,
338,231.1,/data/neuralabc/neuralabc_volunteers/macaque/testProject3/results_cell_counts/_Image_31_-_20x_01_cellCount_29_downsample_10p002um_pix.tif,/data/neuralabc/johmat/phase_ml/source/macaque_tiffs_3/,
339,231.2,/data/neuralabc/neuralabc_volunteers/macaque/testProject3/results_cell_counts/_Image_31_-_20x_02_cellCount_29_downsample_10p002um_pix.tif,/data/neuralabc/johmat/phase_ml/source/macaque_tiffs_3/,
340,230.1,/data/neuralabc/neuralabc_volunteers/macaque/testProject3/results_cell_counts/_Image_30_-_20x_01_cellCount_29_downsample_10p002um_pix.tif,/data/neuralabc/johmat/phase_ml/source/macaque_tiffs_3/,
341,230.2,/data/neuralabc/neuralabc_volunteers/macaque/testProject3/results_cell_counts/_Image_30_-_20x_02_cellCount_29_downsample_10p002um_pix.tif,/data/neuralabc/johmat/phase_ml/source/macaque_tiffs_3/,
342,229.1,/data/neuralabc/neuralabc_volunteers/macaque/testProject3/results_cell_counts/_Image_29_-_20x_01_cellCount_29_downsample_10p002um_pix.tif,/data/neuralabc/johmat/phase_ml/source/macaque_tiffs_3/,
343,229.2,/data/neuralabc/neuralabc_volunteers/macaque/testProject3/results_cell_counts/_Image_29_-_20x_02_cellCount_29_downsample_10p002um_pix.tif,/data/neuralabc/johmat/phase_ml/source/macaque_tiffs_3/,
344,228.1,/data/neuralabc/neuralabc_volunteers/macaque/testProject3/results_cell_counts/_Image_28_-_20x_01_cellCount_29_downsample_10p002um_pix.tif,/data/neuralabc/johmat/phase_ml/source/macaque_tiffs_3/,Image_28_vsi_-_20x_01.ome.tif
345,228.2,/data/neuralabc/neuralabc_volunteers/macaque/testProject3/results_cell_counts/_Image_28_-_20x_02_cellCount_29_downsample_10p002um_pix.tif,/data/neuralabc/johmat/phase_ml/source/macaque_tiffs_3/,
346,227.1,/data/neuralabc/neuralabc_volunteers/macaque/testProject3/results_cell_counts/_Image_27_-_20x_01_cellCount_29_downsample_10p002um_pix.tif,/data/neuralabc/johmat/phase_ml/source/macaque_tiffs_3/,
347,227.2,/data/neuralabc/neuralabc_volunteers/macaque/testProject3/results_cell_counts/_Image_27_-_20x_02_cellCount_29_downsample_10p002um_pix.tif,/data/neuralabc/johmat/phase_ml/source/macaque_tiffs_3/,Image_27_vsi_-_20x_02.ome.tif
348,226.1,/data/neuralabc/neuralabc_volunteers/macaque/testProject3/results_cell_counts/_Image_26_-_20x_01_cellCount_29_downsample_10p002um_pix.tif,/data/neuralabc/johmat/phase_ml/source/macaque_tiffs_3/,
349,226.2,/data/neuralabc/neuralabc_volunteers/macaque/testProject3/results_cell_counts/_Image_26_-_20x_02_cellCount_29_downsample_10p002um_pix.tif,/data/neuralabc/johmat/phase_ml/source/macaque_tiffs_3/,
350,225.1,/data/neuralabc/neuralabc_volunteers/macaque/testProject3/results_cell_counts/_Image_25_-_20x_01_cellCount_29_downsample_10p002um_pix.tif,/data/neuralabc/johmat/phase_ml/source/macaque_tiffs_3/,
351,225.2,/data/neuralabc/neuralabc_volunteers/macaque/testProject3/results_cell_counts/_Image_25_-_20x_02_cellCount_29_downsample_10p002um_pix.tif,/data/neuralabc/johmat/phase_ml/source/macaque_tiffs_3/,
352,224.1,/data/neuralabc/neuralabc_volunteers/macaque/testProject3/results_cell_counts/_Image_24_-_20x_01_cellCount_29_downsample_10p002um_pix.tif,/data/neuralabc/johmat/phase_ml/source/macaque_tiffs_3/,
353,224.2,/data/neuralabc/neuralabc_volunteers/macaque/testProject3/results_cell_counts/_Image_24_-_20x_02_cellCount_29_downsample_10p002um_pix.tif,/data/neuralabc/johmat/phase_ml/source/macaque_tiffs_3/,
354,223.1,/data/neuralabc/neuralabc_volunteers/macaque/testProject3/results_cell_counts/_Image_23_-_20x_01_cellCount_29_downsample_10p002um_pix.tif,/data/neuralabc/johmat/phase_ml/source/macaque_tiffs_3/,
355,223.2,/data/neuralabc/neuralabc_volunteers/macaque/testProject3/results_cell_counts/_Image_23_-_20x_02_cellCount_29_downsample_10p002um_pix.tif,/data/neuralabc/johmat/phase_ml/source/macaque_tiffs_3/,
356,222.1,/data/neuralabc/neuralabc_volunteers/macaque/testProject3/results_cell_counts/_Image_22_-_20x_01_cellCount_29_downsample_10p002um_pix.tif,/data/neuralabc/johmat/phase_ml/source/macaque_tiffs_3/,
357,222.2,/data/neuralabc/neuralabc_volunteers/macaque/testProject3/results_cell_counts/_Image_22_-_20x_02_cellCount_29_downsample_10p002um_pix.tif,/data/neuralabc/johmat/phase_ml/source/macaque_tiffs_3/,
358,221.1,/data/neuralabc/neuralabc_volunteers/macaque/testProject3/results_cell_counts/_Image_21_-_20x_cellCount_29_downsample_10p002um_pix.tif,/data/neuralabc/johmat/phase_ml/source/macaque_tiffs_3/,
359,220.1,/data/neuralabc/neuralabc_volunteers/macaque/testProject3/results_cell_counts/_Image_20_-_20x_01_cellCount_29_downsample_10p002um_pix.tif,/data/neuralabc/johmat/phase_ml/source/macaque_tiffs_3/,
360,220.2,/data/neuralabc/neuralabc_volunteers/macaque/testProject3/results_cell_counts/_Image_20_-_20x_02_cellCount_29_downsample_10p002um_pix.tif,/data/neuralabc/johmat/phase_ml/source/macaque_tiffs_3/,
361,219.1,/data/neuralabc/neuralabc_volunteers/macaque/testProject3/results_cell_counts/_Image_19_-_20x_01_cellCount_29_downsample_10p002um_pix.tif,/data/neuralabc/johmat/phase_ml/source/macaque_tiffs_3/,
362,219.2,/data/neuralabc/neuralabc_volunteers/macaque/testProject3/results_cell_counts/_Image_19_-_20x_02_cellCount_29_downsample_10p002um_pix.tif,/data/neuralabc/johmat/phase_ml/source/macaque_tiffs_3/,
363,218.1,/data/neuralabc/neuralabc_volunteers/macaque/testProject3/results_cell_counts/_Image_18_-_20x_01_cellCount_29_downsample_10p002um_pix.tif,/data/neuralabc/johmat/phase_ml/source/macaque_tiffs_3/,
364,218.2,/data/neuralabc/neuralabc_volunteers/macaque/testProject3/results_cell_counts/_Image_18_-_20x_02_cellCount_29_downsample_10p002um_pix.tif,/data/neuralabc/johmat/phase_ml/source/macaque_tiffs_3/,
365,217.1,/data/neuralabc/neuralabc_volunteers/macaque/testProject3/results_cell_counts/_Image_17_-_20x_01_cellCount_29_downsample_10p002um_pix.tif,/data/neuralabc/johmat/phase_ml/source/macaque_tiffs_3/,
366,217.2,/data/neuralabc/neuralabc_volunteers/macaque/testProject3/results_cell_counts/_Image_17_-_20x_02_cellCount_29_downsample_10p002um_pix.tif,/data/neuralabc/johmat/phase_ml/source/macaque_tiffs_3/,
367,216.1,/data/neuralabc/neuralabc_volunteers/macaque/testProject3/results_cell_counts/_Image_16_-_20x_01_cellCount_29_downsample_10p002um_pix.tif,/data/neuralabc/johmat/phase_ml/source/macaque_tiffs_3/,
368,216.2,/data/neuralabc/neuralabc_volunteers/macaque/testProject3/results_cell_counts/_Image_16_-_20x_02_cellCount_29_downsample_10p002um_pix.tif,/data/neuralabc/johmat/phase_ml/source/macaque_tiffs_3/,
369,215.1,/data/neuralabc/neuralabc_volunteers/macaque/testProject3/results_cell_counts/_Image_15_-_20x_01_cellCount_29_downsample_10p002um_pix.tif,/data/neuralabc/johmat/phase_ml/source/macaque_tiffs_3/,
370,215.2,/data/neuralabc/neuralabc_volunteers/macaque/testProject3/results_cell_counts/_Image_15_-_20x_02_cellCount_29_downsample_10p002um_pix.tif,/data/neuralabc/johmat/phase_ml/source/macaque_tiffs_3/,
371,214.1,/data/neuralabc/neuralabc_volunteers/macaque/testProject3/results_cell_counts/_Image_14_-_20x_01_cellCount_29_downsample_10p002um_pix.tif,/data/neuralabc/johmat/phase_ml/source/macaque_tiffs_3/,
372,214.2,/data/neuralabc/neuralabc_volunteers/macaque/testProject3/results_cell_counts/_Image_14_-_20x_02_cellCount_29_downsample_10p002um_pix.tif,/data/neuralabc/johmat/phase_ml/source/macaque_tiffs_3/,
373,213.1,/data/neuralabc/neuralabc_volunteers/macaque/testProject3/results_cell_counts/_Image_13_-_20x_01_cellCount_29_downsample_10p002um_pix.tif,/data/neuralabc/johmat/phase_ml/source/macaque_tiffs_3/,
374,213.2,/data/neuralabc/neuralabc_volunteers/macaque/testProject3/results_cell_counts/_Image_13_-_20x_02_cellCount_29_downsample_10p002um_pix.tif,/data/neuralabc/johmat/phase_ml/source/macaque_tiffs_3/,
375,212.1,/data/neuralabc/neuralabc_volunteers/macaque/testProject3/results_cell_counts/_Image_12_-_20x_01_cellCount_29_downsample_10p002um_pix.tif,/data/neuralabc/johmat/phase_ml/source/macaque_tiffs_3/,
376,212.2,/data/neuralabc/neuralabc_volunteers/macaque/testProject3/results_cell_counts/_Image_12_-_20x_02_cellCount_29_downsample_10p002um_pix.tif,/data/neuralabc/johmat/phase_ml/source/macaque_tiffs_3/,
377,211.1,/data/neuralabc/neuralabc_volunteers/macaque/testProject3/results_cell_counts/_Image_11_-_20x_01_cellCount_29_downsample_10p002um_pix.tif,/data/neuralabc/johmat/phase_ml/source/macaque_tiffs_3/,
378,211.2,/data/neuralabc/neuralabc_volunteers/macaque/testProject3/results_cell_counts/_Image_11_-_20x_02_cellCount_29_downsample_10p002um_pix.tif,/data/neuralabc/johmat/phase_ml/source/macaque_tiffs_3/,
379,210.1,/data/neuralabc/neuralabc_volunteers/macaque/testProject3/results_cell_counts/_Image_10_-_20x_01_cellCount_29_downsample_10p002um_pix.tif,/data/neuralabc/johmat/phase_ml/source/macaque_tiffs_3/,
380,210.2,/data/neuralabc/neuralabc_volunteers/macaque/testProject3/results_cell_counts/_Image_10_-_20x_02_cellCount_29_downsample_10p002um_pix.tif,/data/neuralabc/johmat/phase_ml/source/macaque_tiffs_3/,Image_10_vsi_-_20x_02.ome.tif
381,209.1,/data/neuralabc/neuralabc_volunteers/macaque/testProject3/results_cell_counts/_Image_09_-_20x_01_cellCount_29_downsample_10p002um_pix.tif,/data/neuralabc/johmat/phase_ml/source/macaque_tiffs_3/,Image_09_vsi_-_20x_01.ome.tif
382,209.2,/data/neuralabc/neuralabc_volunteers/macaque/testProject3/results_cell_counts/_Image_09_-_20x_02_cellCount_29_downsample_10p002um_pix.tif,/data/neuralabc/johmat/phase_ml/source/macaque_tiffs_3/,Image_09_vsi_-_20x_02.ome.tif
383,208.1,/data/neuralabc/neuralabc_volunteers/macaque/testProject3/results_cell_counts/_Image_08_-_20x_01_cellCount_29_downsample_10p002um_pix.tif,/data/neuralabc/johmat/phase_ml/source/macaque_tiffs_3/,
384,208.2,/data/neuralabc/neuralabc_volunteers/macaque/testProject3/results_cell_counts/_Image_08_-_20x_02_cellCount_29_downsample_10p002um_pix.tif,/data/neuralabc/johmat/phase_ml/source/macaque_tiffs_3/,Image_08_vsi_-_20x_02.ome.tif
385,207.1,/data/neuralabc/neuralabc_volunteers/macaque/testProject3/results_cell_counts/_Image_07_-_20x_01_cellCount_29_downsample_10p002um_pix.tif,/data/neuralabc/johmat/phase_ml/source/macaque_tiffs_3/,
386,207.2,/data/neuralabc/neuralabc_volunteers/macaque/testProject3/results_cell_counts/_Image_07_-_20x_02_cellCount_29_downsample_10p002um_pix.tif,/data/neuralabc/johmat/phase_ml/source/macaque_tiffs_3/,
387,206.1,/data/neuralabc/neuralabc_volunteers/macaque/testProject3/results_cell_counts/_Image_06_-_20x_01_cellCount_29_downsample_10p002um_pix.tif,/data/neuralabc/johmat/phase_ml/source/macaque_tiffs_3/,
388,206.2,/data/neuralabc/neuralabc_volunteers/macaque/testProject3/results_cell_counts/_Image_06_-_20x_02_cellCount_29_downsample_10p002um_pix.tif,/data/neuralabc/johmat/phase_ml/source/macaque_tiffs_3/,Image_06_vsi_-_20x_02.ome.tif
389,205.1,/data/neuralabc/neuralabc_volunteers/macaque/testProject3/results_cell_counts/_Image_05_-_20x_01_cellCount_29_downsample_10p002um_pix.tif,/data/neuralabc/johmat/phase_ml/source/macaque_tiffs_3/,
390,205.2,/data/neuralabc/neuralabc_volunteers/macaque/testProject3/results_cell_counts/_Image_05_-_20x_02_cellCount_29_downsample_10p002um_pix.tif,/data/neuralabc/johmat/phase_ml/source/macaque_tiffs_3/,Image_05_vsi_-_20x_02.ome.tif
391,204.1,/data/neuralabc/neuralabc_volunteers/macaque/testProject3/results_cell_counts/_Image_04_-_20x_01_cellCount_29_downsample_10p002um_pix.tif,/data/neuralabc/johmat/phase_ml/source/macaque_tiffs_3/,Image_04_vsi_-_20x_01.ome.tif
392,204.2,/data/neuralabc/neuralabc_volunteers/macaque/testProject3/results_cell_counts/_Image_04_-_20x_02_cellCount_29_downsample_10p002um_pix.tif,/data/neuralabc/johmat/phase_ml/source/macaque_tiffs_3/,Image_04_vsi_-_20x_02.ome.tif
393,203.1,/data/neuralabc/neuralabc_volunteers/macaque/testProject3/results_cell_counts/_Image_03_-_20x_01_cellCount_29_downsample_10p002um_pix.tif,/data/neuralabc/johmat/phase_ml/source/macaque_tiffs_3/,Image_03_vsi_-_20x_01.ome.tif
394,203.2,/data/neuralabc/neuralabc_volunteers/macaque/testProject3/results_cell_counts/_Image_03_-_20x_02_cellCount_29_downsample_10p002um_pix.tif,/data/neuralabc/johmat/phase_ml/source/macaque_tiffs_3/,
395,202.1,/data/neuralabc/neuralabc_volunteers/macaque/testProject3/results_cell_counts/_Image_02_-_20x_01_cellCount_29_downsample_10p002um_pix.tif,/data/neuralabc/johmat/phase_ml/source/macaque_tiffs_3/,
396,202.2,/data/neuralabc/neuralabc_volunteers/macaque/testProject3/results_cell_counts/_Image_02_-_20x_02_cellCount_29_downsample_10p002um_pix.tif,/data/neuralabc/johmat/phase_ml/source/macaque_tiffs_3/,
397,201.1,/data/neuralabc/neuralabc_volunteers/macaque/testProject3/results_cell_counts/_Image_01_-_20x_01_cellCount_29_downsample_10p002um_pix.tif,/data/neuralabc/johmat/phase_ml/source/macaque_tiffs_3/,
398,201.2,/data/neuralabc/neuralabc_volunteers/macaque/testProject3/results_cell_counts/_Image_01_-_20x_02_cellCount_29_downsample_10p002um_pix.tif,/data/neuralabc/johmat/phase_ml/source/macaque_tiffs_3/,Image_01_vsi_-_20x_02.ome.tif